event_id,order,title,hint,trigger,effects,auto_play,writer_note
evt_day2_break_in,1,夜半惊变,（驿丞神色匆匆赶来）「大人，沈宅的门，今夜被人撬过了……」,"{""all"":[{""total_periods_used_gte"":8},{""not"":{""flag"":""evt_day2_break_in_done""}}]}","{""set_flag"":""shen_house_broken"",""unlock_hint"":""shen_residence""}",,
evt_gu_offers_help,2,白衣公子来访,（一位气度不凡的白衣公子在门外求见）,"{""all"":[{""total_periods_used_gte"":10},{""not"":{""flag"":""evt_gu_offers_help_done""}},{""not"":{""flag"":""gu_introduced_self""}},{""not"":{""visited"":""gu_qingxuan.intro""}},{""not"":{""clue"":""clue_gu_fan_poem""}}]}","{""set_flag"":""gu_introduced_self""}",,
evt_bridge_appointment,3,夜会石桥,（与马三约定亥时相见）,"{""all"":[{""flag"":""met_ma_at_bridge""},{""not"":{""flag"":""ma_bridge_met_done""}},{""not"":{""flag"":""evt_bridge_appointment_done""}}]}",{},,
evt_gu_provides_dossier,4,顾清玄送来旧案卷宗,（顾清玄约你于春风楼吃茶）「大人，沈兄之死，怕不是大人想的那么简单……」,"{""all"":[{""visited"":""gu_qingxuan.old_case""},{""not"":{""flag"":""evt_gu_dossier_done""}}]}","{""set_flag"":""gu_provided_dossier""}",,
evt_ma_reveals_gu_identity,5,马三的秘密,（马三悄悄递来字条）「那个白衣公子……不是什么游学的。」,"{""all"":[{""flag"":""ma_bridge_met_done""},{""not"":{""flag"":""evt_ma_reveals_gu_done""}}]}","{""set_flag"":""gu_identity_exposed"",""gain_clue"":""clue_gu_background""}",,
evt_day3_liu_pressure,6,县衙施压,（捕头马三悄悄递来字条）「县老爷今晨发了好大的火……」,"{""all"":[{""total_periods_used_gte"":20},{""visited"":""liu_wenqing.show_account""},{""not"":{""flag"":""evt_day3_done""}}]}","{""set_flag"":[""liu_alarmed"",""ma_bridge_invite""],""unlock_phase"":""phase_3""}",,
evt_day5_su_initiative,7,苏婉来访,（一位身着素白的妇人在门外，神色焦急）,"{""all"":[{""total_periods_used_gte"":25},{""visited"":""su_wan.investigation""},{""not"":{""flag"":""evt_day5_done""}}]}","{""set_flag"":""su_handed_thread"",""gain_clue"":""clue_red_thread""}",,
evt_daoming_confesses,8,道明法师的坦白,（道明法师在佛前等你）「施主，贫僧有话要说。」,"{""all"":[{""flag"":""gu_provided_dossier""},{""visited"":""daoming.old_case_ask""},{""not"":{""flag"":""evt_daoming_confesses_done""}}]}","{""set_flag"":""daoming_confessed"",""gain_clue"":""clue_daoming_old_case""}",,
evt_day6_deadline,9,限期将至,（你独坐客房，案宗未结。明日便是三日之期）,"{""all"":[{""total_periods_used_gte"":33},{""not"":{""flag"":""evt_day6_done""}}]}",{},,
