doc_id,json
manifest,"{""id"":""linchuan_inn"",""title"":""临川驿案"",""subtitle"":""万历廿三年 · 秋 · 江南"",""difficulty"":""中等"",""estimated_days"":7,""main_scene"":""post_station"",""preview_image"":""res://assets/cn/scenes/post_station.png"",""voice_status"":""missing"",""art_status"":""partial"",""art_todo"":{""_comment"":""art_status=partial：语音/对话/演员立绘/BGM 全部到位，但 R2 暂未达成（preview_image 与 main_scene 背景同图 post_station.png）。发布前需补一张序章/标题专用图，并将 preview_image 切换。"",""preview_image"":""需新绘：临川驿主题预览图（夜雨/古井远景），构图必须与 post_station.png 不同（R2）"",""prologue_bg"":""可选：单独的序章过场背景（当前 scene_prologue 仅为通用过场，可继续复用）""},""intro"":""暴雨夜，临川驿。次日卯时，主簿沈砚秋陈尸古井之旁。\n地方草草定案，恰逢御史夜宿。\n三日为限，能否拨云见月——""}"
key_info,"{""_comment"":""嫌疑人对话关键信息，通过 dialogue_flags 解锁显示在笔记本中。requires 支持单条件 {flag:xxx} 或组合 {all:[...]}。"",""key_ma_bridge"":{""name"":""马三：石桥密会"",""source"":""马三"",""description"":""马三在城外石桥下私下透露：沈砚秋死的那天夜里，他巡夜时看见柳文卿从沈宅方向匆匆走回县衙，时辰大约在亥时。柳文卿声称是去查看沈主簿，可马三觉得——那更像是「从沈宅出来的」而非「去查看的」。"",""requires"":{""flag"":""ma_bridge_met_done""}},""key_ma_witness_liu"":{""name"":""马三：柳知县的夜行"",""source"":""马三"",""description"":""马三确认：柳文卿在案发前几日，每到深夜便会悄悄去沈宅。柳文卿说是「关心下属」，但每次回来都面带忧色。"",""requires"":{""flag"":""ma_witness_liu""}},""key_ma_witness_monk"":{""name"":""马三：道明法师的可疑行踪"",""source"":""马三"",""description"":""马三注意到道明法师最近几日频繁出入观音庙后院——那里平时无人问津。但更值得注意的是，他还看见一位白衣公子在同一时段出入。"",""requires"":{""flag"":""ma_witness_monk""}},""key_previous_death"":{""name"":""旧案：二十年前沈家灭门"",""source"":""综合"",""description"":""沈砚秋的父亲二十年前被人告发「私吞捐粮」，全家流放岭南，仅沈砚秋一人生还。沈砚秋一直在暗中调查此案，并发现旧案另有内情——当年的告发者只是一枚棋子。"",""requires"":{""flag"":""learned_previous_death""}},""key_liu_confessed"":{""name"":""柳文卿：认罪供述"",""source"":""柳文卿"",""description"":""柳文卿最终崩溃认罪，承认贪墨赈灾粮，但否认杀沈砚秋——他说杀人的不是他，他只是被人利用了。真正在幕后操控一切的人，他不敢说出名字。"",""requires"":{""flag"":""liu_confessed""}},""key_zhao_confessed"":{""name"":""赵大勇：承认偷窃"",""source"":""赵大勇"",""description"":""赵大勇承认自己偷过沈砚秋书房里的东西——但不是他杀的人。他说那晚去偷东西时，沈砚秋已经不对劲了，茶盏翻倒在地，嘴角发黑。"",""requires"":{""flag"":""zhao_confessed_theft""}},""key_daoming_cornered"":{""name"":""道明法师：被迫告发的真相"",""source"":""道明法师"",""description"":""道明法师坦白：二十年前，有人拿着伪造的账簿逼他出面告发沈家米行。他只是被利用的棋子。「贫僧欠了沈家一条命。这些年一直在打听当年那人是谁……」"",""requires"":{""flag"":""daoming_cornered""}},""key_su_quarrel"":{""name"":""苏婉：承认与沈砚秋争吵"",""source"":""苏婉"",""description"":""苏婉承认在沈砚秋死前一天与他争吵过——因为她发现沈砚秋在偷偷调查旧案，她害怕他出事。临走时沈砚秋塞给她一截染了朱砂的麻线，说：「若事不顺，便交给见朱砂之人。」"",""requires"":{""flag"":""su_admitted_quarrel""}},""key_gu_identity"":{""name"":""顾清玄：身份暴露"",""source"":""顾清玄"",""description"":""顾清玄并非他自称的「游学书生」——他实际上来自州府按察司，以某种身份出入县衙。他为什么要隐藏真实身份？「游学」只是他的掩护。"",""requires"":{""flag"":""gu_revealed_identity""}},""key_xiaocui_bottle"":{""name"":""小翠：朱砂瓷瓶物证"",""source"":""小翠"",""description"":""小翠交出沈砚秋生前托她保管的瓷瓶——内含纯朱砂粉。封纸内层粘着一张极薄的纸条，字迹与顾清玄的笔迹如出一辙。沈砚秋似乎早已怀疑有人在给他下毒。"",""requires"":{""flag"":""xiao_cui_gave_bottle""}},""key_liu_lie_dinner"":{""name"":""识破谎言：柳文卿否认共餐"",""source"":""柳文卿"",""description"":""柳文卿声称与沈砚秋「只是公事往来」、从未一起吃过饭。但春风楼帐簿清楚记载两人上月二十三号坐到深夜。柳文卿在隐瞒与沈砚秋的私交。"",""requires"":{""flag"":""lie_exposed:liu_wenqing.shared_dinner""}},""key_gu_lie_knew_shen"":{""name"":""识破谎言：顾清玄否认认识沈砚秋"",""source"":""顾清玄"",""description"":""顾清玄声称「与沈砚秋素不相识」，但春风楼帐簿记录他多次与沈砚秋在雅间密会。他显然在说谎——他与沈砚秋的关系远比他承认的深。"",""requires"":{""flag"":""lie_exposed:gu_qingxuan.knew_shen""}}}"
bgm_config,"{""_comment"":""临川驿案 BGM 配置：把'地点 ID / 状态名'映射为 BGM 库里的 mood_tag 或 track_id。值的形式：'mood:xxx' 走情绪索引；'track:xxx' 直接指定曲目；裸字符串等同于 track:xxx。AssetResolver.resolve_bgm_track() 负责解析。"",""locations"":{""post_station"":""mood:suspense"",""shen_residence"":""mood:suspense"",""yamen"":""mood:suspense"",""spring_wind_tower"":""mood:warm"",""guanyin_temple"":""mood:solemn"",""market"":""mood:bustling""},""states"":{""prologue"":""mood:mysterious"",""main_theme"":""mood:mysterious"",""accuse"":""mood:climax"",""ending_perfect"":""mood:ending_good"",""ending_good"":""mood:ending_good"",""ending_bad"":""mood:ending_bad""}}"
prologue,"{""_comment"":""临川驿案开场剧本。需衔接浔阳楼案，交代陆昭为何来临川、凌瑶为何仍在同行。修复凌瑶动机矛盾。"",""start"":""scene1"",""nodes"":{""scene1"":{""background"":""res://assets/cn/scenes/xunyang_riverside_dock.png"",""speaker"":"""",""text"":""浔阳楼案结了。青姐被押解上京，鲁知府撕了那份'醉酒失足'结案稿。\n\n陆昭离开浔阳楼时雨已停，江上月色清亮。"",""next"":""scene1a""},""scene1a"":{""background"":""res://assets/cn/scenes/xunyang_riverside_dock.png"",""speaker"":"""",""text"":""但他的行程没有结束——巡按的下一站，是临川。\n\n州府公文说临川近年税赋异常，让他顺路核查账目。本是一件例行公事。但特意挑了这个时节派他来——京里可能还有别的意思。"",""next"":""scene1b""},""scene1b"":{""background"":""res://assets/cn/scenes/linchuan_approach.png"",""speaker"":"""",""text"":""万历二十三年，秋。\n\n从浔阳到临川，走水路半日可到。\n\n船行江上，秋雨又起。暮色四合，岸上树木已换了秋色——橙红橘黄，衬着灰蓝的天，像是谁打翻了一盘颜料。\n\n远处，一座小城的轮廓在雨雾中浮现。"",""next"":""scene2""},""scene2"":{""background"":""res://assets/cn/scenes/linchuan_approach.png"",""speaker"":"""",""text"":""临川驿。\n\n一座不大不小的驿站，青砖灰瓦，院中一棵老槐树。驿丞赵大有已经掌了灯，在门廊下候着。"",""next"":""scene2a""},""scene2a"":{""background"":""res://assets/cn/scenes/linchuan_approach.png"",""speaker"":""凌瑶"",""text"":""（抹了把脸上的雨水，四处打量）这驿站比浔阳楼差远了——不过比石矶渡那个破客栈还是强点。\n\n陆大人，您说咱这次来临川是巡按？可我怎么看这地方……太平得很啊？"",""next"":""scene2b""},""scene2b"":{""speaker"":""陆昭"",""text"":""先安顿下来。明天开始查账。\n\n（看了眼驿站院中的老槐树，树叶沾着雨水，沉甸甸地低垂。跟他此刻的心情差不多。）"",""next"":""scene2c""},""scene2c"":{""background"":""res://assets/cn/scenes/linchuan_approach.png"",""speaker"":""凌瑶"",""text"":""又是那种弯弯绕绕的官场门道。上回浔阳楼那事儿本姑娘到现在还做噩梦呢——不过好歹算帮上忙了吧？\n\n这回查账而已，应该不会出人命了吧……"",""next"":""scene2d""},""scene2d"":{""speaker"":""陆昭"",""text"":""先安顿下来。明天开始查账。\n\n（停了一下，没看她）凌姑娘……你跟了两个案子了。这回只是查账，你要是想回镖局——"",""next"":""scene2e""},""scene2e"":{""background"":""res://assets/cn/scenes/linchuan_approach.png"",""speaker"":""凌瑶"",""text"":""走走走，走什么走！本姑娘跟着您跑了两个案子了，这时候走算什么？\n\n再说了，镖局那边的差事早就交待清楚了——首座知道我在帮您，说让我继续跟着。\n\n（小声嘀咕）反正回去也是跑腿送信……"",""next"":""scene3""},""scene3"":{""background"":""res://assets/cn/scenes/linchuan_approach.png"",""speaker"":"""",""text"":""当夜无事。\n\n第二天一早，天还蒙蒙亮。陆昭照例早起，打算先去驿站后院看看地形。"",""next"":""scene3b""},""scene3b"":{""background"":""res://assets/cn/scenes/post_station.png"",""speaker"":"""",""text"":""他穿过回廊，推开后院角门——\n\n井边躺着一个人。\n\n晨雾还未散尽，那人的轮廓模糊不清。但姿势不对。不是蹲着，不是靠着——是瘫倒的。"",""next"":""scene3c""},""scene3c"":{""speaker"":""陆昭"",""text"":""（脚步一顿。\n\n雾气很重，但那个姿势他太熟悉了——不是活人的姿势。\n\n指尖微微收紧。又来了。）"",""next"":""scene4""},""scene4"":{""background"":""res://assets/cn/scenes/post_station.png"",""speaker"":"""",""text"":""陆昭快步走过去。蹲下。\n\n是个男子，三十出头，身穿青布官袍——是低级文官的常服。面朝上，双目半睁。嘴唇颜色不对，发暗发紫。指甲也是。\n\n他伸手翻开死者的衣领——颈上没有勒痕，身上没有外伤。"",""next"":""scene4a""},""scene4a"":{""background"":""res://assets/cn/scenes/post_station.png"",""speaker"":""凌瑶"",""text"":""（打着哈欠走出来）陆大人，大清早的您就——"",""next"":""scene4b""},""scene4b"":{""background"":""res://assets/cn/scenes/post_station.png"",""speaker"":""凌瑶"",""text"":""……！"",""next"":""scene4c""},""scene4c"":{""background"":""res://assets/cn/scenes/post_station.png"",""speaker"":"""",""text"":""凌瑶的哈欠卡在喉咙里。她看清了地上的人，倒退两步，背靠住了廊柱。\n\n嘴唇发黑，指甲青紫。她见过这种死法。"",""next"":""scene4d""},""scene4d"":{""background"":""res://assets/cn/scenes/post_station.png"",""speaker"":""凌瑶"",""text"":""（声音发紧）这个嘴唇的颜色……我以前跑镖见过。是中毒。\n\n陆大人，这人——是被人毒死的？"",""next"":""scene4e""},""scene4e"":{""speaker"":""陆昭"",""text"":""还不能确定死因。但唇色青黑、指甲紫暗——中毒的可能性很大。\n\n（翻开死者袖口）\n\n等等——袖子里有东西。"",""next"":""scene5""},""scene5"":{""background"":""res://assets/cn/scenes/post_station.png"",""speaker"":"""",""text"":""一张纸。折了两折，塞在袖口内侧。像是写字的人来不及收好，随手一塞。\n\n陆昭小心地展开——\n\n「……朱砂的事，恐怕已经……」\n\n信写到一半。墨迹未干。后面是空的。"",""next"":""scene5a""},""scene5a"":{""background"":""res://assets/cn/scenes/post_station.png"",""speaker"":""凌瑶"",""text"":""（凑近看了一眼，又退回去）朱砂？那不是画画用的颜料吗……还是入药的那种？\n\n一个当官的在信里写朱砂干什么？而且——信都没写完，人就死了？"",""next"":""scene5b""},""scene5b"":{""speaker"":""陆昭"",""text"":""信写到一半人就死了。\n\n（将纸小心折好）谁会自尽前写信？分明是写到一半——被人发现了。或者，写信本身触怒了什么人。\n\n这不是旧疾。这是灭口。"",""next"":""scene5c""},""scene5c"":{""background"":""res://assets/cn/scenes/post_station.png"",""speaker"":""凌瑶"",""text"":""（深吸一口气，攥紧拳头）所以……是被人杀的？\n\n那凶手不会还在这驿站里面吧？！"",""next"":""scene5d""},""scene5d"":{""speaker"":""陆昭"",""text"":""（站起来，环顾四周。晨雾正散，视线比刚才清楚了一些。）\n\n驿站不大，住的人有限。昨夜能接近死者的人……屈指可数。\n\n先搞清楚这人是谁。青布官袍——临川县衙的小吏？"",""next"":""scene5e""},""scene5e"":{""background"":""res://assets/cn/scenes/post_station.png"",""speaker"":"""",""text"":""这时驿丞赵大有听到了动静，从廊下跑过来。看清地上的人，脸色一变。"",""next"":""scene5f""},""scene5f"":{""background"":""res://assets/cn/scenes/post_station.png"",""speaker"":""赵大有"",""text"":""这、这不是沈主簿吗？！沈砚秋——县衙的主簿！昨天傍晚还说今天要来驿站取公文——怎么就……"",""next"":""scene5g""},""scene5g"":{""background"":""res://assets/cn/scenes/post_station.png"",""speaker"":""凌瑶"",""text"":""县主簿？三十二岁，跟我差不多大……怎么死在这口井边？"",""next"":""scene6""},""scene6"":{""background"":""res://assets/cn/scenes/post_station.png"",""speaker"":"""",""text"":""消息传到县衙，知县柳文卿带人赶来。\n\n他看了一眼尸体，又看了一眼陆昭。表情很复杂——像是恼怒，又像是紧张。"",""next"":""scene6a""},""scene6a"":{""background"":""res://assets/cn/scenes/post_station.png"",""speaker"":""柳文卿"",""text"":""沈主簿素来体弱，想必是旧疾发作，毒火攻心——陆大人远道而来，此事本县自理即可。"",""next"":""scene6b""},""scene6b"":{""speaker"":""陆昭"",""text"":""知县大人。\n\n（语气平静，但一字一顿）袖中未写完的信、唇色青黑的毒征、井边而非床上的死亡地点——哪一条像'旧疾'？"",""next"":""scene6c""},""scene6c"":{""background"":""res://assets/cn/scenes/post_station.png"",""speaker"":""柳文卿"",""text"":""（沉默片刻）……陆大人若执意插手，本县自然不便阻拦。只是案宗三日之内须发还州府。\n\n若是查不出结果——「擅自越权」的罪名，本县可担不起。"",""next"":""scene6d""},""scene6d"":{""speaker"":""陆昭"",""text"":""三天够了。\n\n（转向凌瑶，语气比对知县柔了一度）凌姑娘，恐怕这趟不只是查账了。又要辛苦你。"",""next"":""scene6e""},""scene6e"":{""background"":""res://assets/cn/scenes/post_station.png"",""speaker"":""凌瑶"",""text"":""（拍胸脯，但声音还有点抖）第三回了！本姑娘查案也算有点经验了——虽然上回在浔阳楼差点被吓死……\n\n不过陆大人您放心，跑腿打探消息我在行！必要时候……必要时候我也能壮壮胆！"",""next"":""scene6f""},""scene6f"":{""speaker"":""陆昭"",""text"":""好。有什么看到的、听到的随时告诉我。在人前莫声张。\n\n（望着驿站方向，声音低了下去）\n\n柳知县想断成旧疾。一个在井边倒下、信写到一半的人——他急着把真相写给谁？\n\n三天。三天内查不出真相，这个人就白死了。"",""next"":""scene7""},""scene7"":{""background"":""res://assets/cn/scenes/post_station.png"",""speaker"":"""",""centered"":true,""silent"":true,""text"":""【操作说明】\n\n• 右侧菜单：地图 / 对话 / 移动 / 探索 / 笔记本 / 指证\n• 「讨论」：随时与凌瑶交流，获取下一步方向（每日有次数限制）\n• 跨地点移动会花掉一个时段；探索某处也要花时段\n• 三天内找出真凶——否则柳知县的「旧疾」就是定论\n\n记住：每一点朱砂、每一句寒暄，都有它的含义。"",""end"":true}}}"
companion_config,"{""_comment"":""临川驿案助手配置。凌瑶作为陆昭的随行护卫参与调查。"",""companion_id"":""xia_lingyao"",""role_name"":""凌瑶"",""actor_id"":""actor_tomboy_courier"",""available_topics"":[""next_direction"",""suspect_now"",""evidence_ready"",""chitchat""],""limits"":{""next_direction"":{""per_day"":1,""cost_period"":1,""cost_cognitive"":5},""suspect_now"":{""per_day"":1,""cost_period"":1,""cost_cognitive"":5},""evidence_ready"":{""per_day"":1,""cost_period"":0,""cost_cognitive"":0},""chitchat"":{""per_day"":99,""cost_period"":0,""cost_cognitive"":0}},""lock_on_final_day"":true,""banter_max_per_day"":24,""intro_hint"":""凌瑶是江南金鳞镖局的女镖师，奉镖局首座之命随行护卫陆大人。这已经是她跟着陆大人经历的第二桩命案了——虽然武功不俗，但对查案还是外行。""}"
companion_discussions,"{""_comment"":""临川驿案 - 助手主动讨论台词。按话题分类，每个话题含 rules 数组（按优先级从上到下匹配）。涉及未解锁地点/NPC 的条目需加 phase 或 condition。"",""next_direction"":{""rules"":[{""when"":{""day"":1,""period_lte"":3},""lines"":[""陆大人，咱们是不是该先去看看发现尸首的那口井？反正本姑娘胆子大，您要是怕的话我先去探探路！"",""……好吧我承认刚才看到尸体的时候腿有点软。但现在好了！走吧走吧！""]},{""when"":{""day"":1,""period_lte"":6,""not_visited"":""yamen""},""lines"":[""陆大人，临川驿这边我看得差不多了。要不去县衙瞧瞧？堂堂衙门口的命案，知县总该有个说法吧。"",""而且听驿丞说，死者就是县衙的主簿。去他顶头上司那儿问问总不会错的。""]},{""when"":{""day"":1,""has_clue"":""clue_well_disturbed"",""not_visited"":""yamen""},""lines"":[""井栏那边果然有蹊跷……陆大人，咱们是不是该去趟县衙？死者毕竟是衙门的人，知县那儿肯定有说法。"",""对了县衙证物台上可能也有东西，本姑娘帮您盯着。""]},{""when"":{""all"":[{""flag"":""shen_house_broken""},{""not"":{""visited"":""su_wan.intro""}}]},""lines"":[""沈宅被人闯过了！这也太胆大包天了吧？咱们快去看看里面有什么。"",""另外听说春风楼那儿有人跟死者走得近，要不也去打探打探。""]},{""when"":{""all"":[{""flag"":""shen_house_broken""},{""not"":{""visited"":""daoming.intro""}}]},""lines"":[""沈宅里面应该有不少线索。对了，驿丞提过观音庙那边有个道明法师，说跟死者有过来往？"",""虽然是出家人，但本姑娘觉得谁都不能排除嫌疑。去庙里探探也好。""]},{""when"":{""all"":[{""evidence"":""evidence_red_powder""},{""not"":{""clue"":""clue_drug_buyers""}}]},""lines"":[""茶盏里的红粉……朱砂？谁会往茶里放这东西！陆大人，咱们是不是该去药铺问问，这镇上谁在买朱砂？"",""集市那边应该有药铺。等咱们能去的时候一定要去查查。""]},{""when"":{""day"":2,""not_flag"":""lie_exposed:zhao_dayou.deny_night_walk""},""lines"":[""陆大人，我总觉得那个驿丞老头还没把话说全。要不今天再去驿站逼问逼问他？"",""还有沈宅和县衙那边，说不定能翻出新东西来。""]},{""when"":{""day"":2,""has_flag"":""lie_exposed:zhao_dayou.deny_night_walk""},""lines"":[""驿丞的谎拆穿了，他果然那晚上没睡觉。接下来是不是该查查他为什么要撒谎？"",""对了苏婉那个白衣女子……她哭得那么伤心，会不会知道什么内情？""]},{""when"":{""day"":3,""not_flag"":""evidence_ratio_high""},""lines"":[""最后一天了啊……陆大人您有把握了吗？本姑娘觉得……还是再去跑一趟之前没去过的地方吧？"",""实在不行就把所有人再问一遍！虽然这样说好像没什么用……""]},{""when"":{""default"":true},""lines"":[""唔……陆大人，我觉得还有很多蹊跷的地方没查清楚。要不再四处转转？您挑一个方向吧。"",""本姑娘跟着您转了这么久，觉得哪里都有点可疑又哪里都说不准……""]}]},""suspect_now"":{""rules"":[{""when"":{""has_flag"":""lie_exposed:zhao_dayou.deny_night_walk"",""not_flag"":""lie_exposed:daoming.deny_know_victim""},""lines"":[""要说可疑……驿丞赵大有已经被您拆穿过了，他那晚肯定干了什么心虚的事。"",""还有那个知县柳文卿，堂堂知县被下属查贪墨，他没点反应？本姑娘不信。""]},{""when"":{""has_flag"":""lie_exposed:daoming.deny_know_victim""},""lines"":[""道明法师……说不认识死者，结果被您拆穿了。出家人不打诳语这句话看来也不能全信啊。"",""赵大有也可疑，还有那个顾清玄也怪怪的。本姑娘第六感很准的！……大概。""]},{""when"":{""day_gte"":2},""lines"":[""本姑娘第六感很准！那个驿丞老头绝对有问题！半夜三更不睡觉……"",""还有知县那边，贪墨的事被查出来了，他能不急？嗯，当然了，本姑娘的直觉也不是每次都对啦。""]},{""when"":{""default"":true},""lines"":[""说实话……现在每个人看起来都有点怪怪的。本姑娘对查案不太在行，但我觉得谁说话最躲闪谁就最可疑！"",""不过陆大人您是专家，您的判断肯定比我准。""]}]},""evidence_ready"":{""rules"":[{""when"":{""evidence_ratio_gte"":1.0},""lines"":[""本姑娘觉得够了！您手上的证据应该能把人钉死了。但最后您拿主意，别怪我啊。""]},{""when"":{""evidence_ratio_gte"":0.8},""lines"":[""唔……差不多了吧？不过要是我的话，再确认一下比较安心。万一指错了可就丢人了。""]},{""when"":{""evidence_ratio_gte"":0.4},""lines"":[""嗯……有点东西了，但感觉还不太够。要是现在去指证，万一人家反咬一口怎么办？""]},{""when"":{""default"":true},""lines"":[""啊？就这点东西就想去指证？陆大人您不是开玩笑吧……再查查吧！""]}]},""chitchat"":{""pool"":[{""lines"":[""陆大人您饿不饿？本姑娘饿了。临川的烧饼可香了，回头请您吃。"",""……当然了，得先把案子破了。不然镖局首座知道我光顾着吃东西，非得把我吊起来打。""]},{""lines"":[""嗨呀您板着脸的样子跟我师父一模一样。您俩肯定合得来。"",""不过我师父比您壮三圈，哈哈哈哈。""]},{""lines"":[""陆大人，您查了这么多年案子，有没有遇到过查不出来的？"",""……哦，问这个不太吉利是吧。当我没说当我没说。""]},{""lines"":[""说起来这临川镇还挺安静的。除了有人死了这件事之外。"",""我以前跑镖经过这里，记得路边有家馄饨摊特别好吃，不知道还在不在。""]},{""lines"":[""本姑娘觉得自己跟着您查案长了不少见识！以后回镖局吹牛的时候有素材了。"",""「你们知道吗，本姑娘当年可是跟着御史大人一起破过大案的！」——是不是很威风？""]},{""lines"":[""那个……陆大人，我能问您一个私人问题吗？您……成家了没？"",""啊不是不是！我就随口问问！别误会啊！我对您没那意思！……好吧其实是替我师妹问的。""]},{""lines"":[""下雨天查案真是太惨了。我的鞋都湿透了。"",""本姑娘以后要是当了镖局首座，第一条规矩就是——下雨天不出门。""]},{""lines"":[""陆大人，您有没有觉得……这个案子比表面上看起来要复杂？"",""算了，本姑娘也不懂这些。反正跟着您就对了。""]},{""condition"":{""flag"":""shen_house_broken""},""lines"":[""说真的，沈砚秋这个人挺可怜的。才三十二岁……为了给父亲昭雪，查到把命都丢了。"",""如果他早点来找陆大人您帮忙，说不定就不会死了吧……""]},{""condition"":{""visited"":""daoming.intro""},""lines"":[""那个观音庙……本姑娘总觉得阴森森的。不是对佛祖不敬啊！就是……道明法师说话的时候，我后背老发凉。"",""出家人不都是慈悲为怀吗？怎么他笑的时候我总觉得心里毛毛的……""]},{""condition"":{""visited"":""liu_wenqing.intro""},""lines"":[""陆大人，您说那个知县柳文卿……贪墨的事这么明显，他怎么就不怕？"",""当了官就没人敢查他？这世道也太不公平了！本姑娘真想揍他一顿——啊，我知道我知道，不能动手。""]},{""condition"":{""visited"":""xiao_cui.intro""},""lines"":[""春风楼的小翠……她虽然看着嘻嘻哈哈的，但本姑娘觉得她其实挺不容易。"",""一个女子沦落风尘……谁知道她经历了什么。唉，我不该随便评判人家的。""]},{""lines"":[""那个驿丞赵大有啊……我越想越觉得他不对劲。半夜去井边打水？谁家半夜打水啊！"",""而且他一看到我们就紧张兮兮的……要么做了亏心事，要么知道什么不敢说。""]},{""condition"":{""visited"":""gu_qingxuan.intro""},""lines"":[""顾清玄这个人嘛……说话太文绉绉了，本姑娘听半天也不知道他到底想说什么。"",""不过他对沈砚秋倒是挺上心的。朋友死了，他还帮忙查——至少这点还不错。""]},{""condition"":{""clue"":""clue_handkerchief""},""lines"":[""苏婉哭得好伤心……如果本姑娘的意中人突然死了，我大概也会那样吧。"",""……才不会呢！本姑娘这么厉害，谁敢害我意中人我追杀他到天涯海角！""]},{""lines"":[""陆大人，您累不累？我看您从早上忙到现在都没歇过。"",""虽然本姑娘帮不上太多忙……但您要是累了，跟我说一声，我给您讲个笑话解解闷？""]},{""lines"":[""这临川驿虽然是官驿，但比我们镖局的客栈可差远了。那被子硬邦邦的，跟纸似的。"",""算了不抱怨了，您比我更辛苦。明天还有得忙呢。""]},{""condition"":{""evidence"":""evidence_red_powder""},""lines"":[""朱砂……这东西到底有什么特别的？画画、入药，还跟杀人扯上关系了。"",""要是本姑娘懂医术就好了，好歹能帮您分辨分辨这些药理上的事。""]},{""lines"":[""嘿陆大人，您有没有想过……万一这个案子背后还牵扯更大的事呢？"",""哎呀我瞎猜的！您别皱眉啊……本姑娘就是随口说说，您查到哪儿我跟到哪儿！""]}]}}"
companion_banter,"{""_comment"":""临川驿案 - 助手通用被动旁白。在对话关键节点后自动触发。trigger 对应触发类型。lines 支持字符串（助手独白）或对象数组（多人对话）。"",""rules"":[{""id"":""lie_exposed_generic_1"",""when"":{""trigger"":""lie_exposed""},""lines"":[[{""speaker"":""凌瑶"",""text"":""嘿嘿嘿，露馅了吧！本姑娘早就觉得他不对劲！""},{""speaker"":""陆昭"",""text"":""……别高兴得太早，一个人撒谎未必就是凶手。""},{""speaker"":""凌瑶"",""text"":""好吧好吧。但至少说明他心里有鬼，对吧？""}],[{""speaker"":""凌瑶"",""text"":""哈！果然在撒谎！陆大人您可真是火眼金睛！""},{""speaker"":""陆昭"",""text"":""关键不是拆穿了什么，而是他为什么要撒这个谎。""},{""speaker"":""凌瑶"",""text"":""嗯……有道理。为什么要撒这个谎呢？本姑娘想想……""}]]},{""id"":""gain_evidence_generic"",""when"":{""trigger"":""gain_evidence""},""lines"":[""哦？这个东西看着挺重要的！"",""嘶……这东西搁这儿可不正常啊。"",""这是证据吧？感觉很关键的样子！"",""陆大人！快看这个——本姑娘觉得有戏！"",""啊，又找到一个。咱们手上的东西越来越多了。"",[{""speaker"":""凌瑶"",""text"":""这个……跟之前那个是不是有关系？""},{""speaker"":""陆昭"",""text"":""嗯，先收好，回头对照着看。""}],[{""speaker"":""凌瑶"",""text"":""陆大人，这东西重不重要啊？""},{""speaker"":""陆昭"",""text"":""很重要。""},{""speaker"":""凌瑶"",""text"":""就……就俩字？行吧，那本姑娘帮您记着！""}]]},{""id"":""gain_clue_generic"",""when"":{""trigger"":""gain_clue""},""lines"":[""哦——原来是这样。差点没注意到。"",""有意思，这条线索是不是能跟之前那个对上？"",""唔……本姑娘虽然不太懂，但感觉这很关键。"",""又多了一条线。陆大人您脑子里是不是已经有谱了？"",""嗯嗯，记住了记住了。本姑娘帮您记着。"",""这个……会不会跟那个朱砂有关系？"",[{""speaker"":""凌瑶"",""text"":""陆大人，这条线索重要吗？""},{""speaker"":""陆昭"",""text"":""现在还说不准。但先记下来总没错。""}],[{""speaker"":""凌瑶"",""text"":""本姑娘有个想法——不过可能不太对。""},{""speaker"":""陆昭"",""text"":""说。""},{""speaker"":""凌瑶"",""text"":""就是……这个线索会不会指向某个人在说谎？""}]]},{""id"":""node_end_zhao_dayou"",""when"":{""trigger"":""dialogue_end"",""npc_id"":""zhao_dayou""},""lines"":[[{""speaker"":""凌瑶"",""text"":""这老头说话吞吞吐吐的……本姑娘总觉得他还有什么没说。""},{""speaker"":""陆昭"",""text"":""他是发现尸体的人。害怕也是正常的，未必就有问题。""},{""speaker"":""凌瑶"",""text"":""也是……但正常人不会这么紧张吧？哼，我盯着他。""}],[{""speaker"":""凌瑶"",""text"":""驿丞这人嘛……看着老实，但本姑娘的直觉告诉我没那么简单。""},{""speaker"":""陆昭"",""text"":""你的直觉是什么？""},{""speaker"":""凌瑶"",""text"":""就……感觉他在怕什么人。不是怕咱们，是怕别人。""}]]},{""id"":""node_end_liu_wenqing"",""when"":{""trigger"":""dialogue_end"",""npc_id"":""liu_wenqing""},""lines"":[[{""speaker"":""凌瑶"",""text"":""这位知县大人……说话滴水不漏的。陆大人您听出什么门道没？""},{""speaker"":""陆昭"",""text"":""他很紧张。一个人越是滴水不漏，越说明他在刻意控制。""},{""speaker"":""凌瑶"",""text"":""哦！所以他在藏什么东西？本姑娘觉得贪墨那事他心虚得很。""}],[{""speaker"":""凌瑶"",""text"":""柳知县一口一个「下官」，客气得让人浑身不自在。""},{""speaker"":""陆昭"",""text"":""对巡按御史当然要客气。但客气之下是敷衍还是心虚，要看他做什么。""},{""speaker"":""凌瑶"",""text"":""嗯嗯，我记住了。看他做什么，不光听他说什么！""}],[{""speaker"":""凌瑶"",""text"":""呸！这种官儿在我们镖局肯定混不下去。说话绕来绕去就是不说重点。""},{""speaker"":""陆昭"",""text"":""……你们镖局评价人的标准也挺有意思。""},{""speaker"":""凌瑶"",""text"":""哈哈那当然！本姑娘识人可准了！……大部分时候啦。""}]]},{""id"":""node_end_ma_san"",""when"":{""trigger"":""dialogue_end"",""npc_id"":""ma_san""},""lines"":[[{""speaker"":""凌瑶"",""text"":""这捕头脸上那道疤……打架打的吧？说话也凶巴巴的。""},{""speaker"":""陆昭"",""text"":""凶不代表坏。你看他的眼神，倒不像是在敷衍我们。""},{""speaker"":""凌瑶"",""text"":""嗯？您的意思是……马三有可能是站咱们这边的？""}],[{""speaker"":""凌瑶"",""text"":""马捕头说话跟挤牙膏似的。不过本姑娘觉得他不是不想说，是不敢说。""},{""speaker"":""陆昭"",""text"":""在县衙做事，有些话确实不能当众说。""},{""speaker"":""凌瑶"",""text"":""那……要不找个私下的机会再问问他？""}],[{""speaker"":""凌瑶"",""text"":""捕头嘛，整天跟贼打交道，所以脾气差也正常。""},{""speaker"":""陆昭"",""text"":""他对沈砚秋的态度……你注意到了吗？""},{""speaker"":""凌瑶"",""text"":""啊？什么态度？本姑娘光顾着看他的疤了……下次我仔细听！""}]]},{""id"":""node_end_gu_qingxuan"",""when"":{""trigger"":""dialogue_end"",""npc_id"":""gu_qingxuan""},""lines"":[[{""speaker"":""凌瑶"",""text"":""这种白衣公子说话绕来绕去的，本姑娘最不耐烦了。""},{""speaker"":""陆昭"",""text"":""但他确实知道一些我们不知道的事。""},{""speaker"":""凌瑶"",""text"":""那他倒是直说呀！干嘛非要卖关子！""}],[{""speaker"":""凌瑶"",""text"":""顾公子……看着斯斯文文，但总感觉他在打什么太极。""},{""speaker"":""陆昭"",""text"":""他是沈砚秋的朋友。有时候旁观者清，他可能比当事人看得更明白。""},{""speaker"":""凌瑶"",""text"":""哼，那希望他能早点把明白话说出来！""}]]},{""id"":""node_end_su_wan"",""when"":{""trigger"":""dialogue_end"",""npc_id"":""su_wan""},""lines"":[[{""speaker"":""凌瑶"",""text"":""苏婉……她哭得好伤心。是真难过还是装的呢？""},{""speaker"":""陆昭"",""text"":""眼泪可以装，但有些小动作很难假装。你注意她的手了吗？""},{""speaker"":""凌瑶"",""text"":""手？……呃，没注意。下次我帮您盯着！""}],[{""speaker"":""凌瑶"",""text"":""这位姐姐……看着可怜兮兮的。唉，希望她不是坏人。""},{""speaker"":""陆昭"",""text"":""可怜人不一定清白，但她说的话里有几处值得验证。""},{""speaker"":""凌瑶"",""text"":""嗯！验证！本姑娘帮您记着。""}]]},{""id"":""node_end_daoming"",""when"":{""trigger"":""dialogue_end"",""npc_id"":""daoming""},""lines"":[[{""speaker"":""凌瑶"",""text"":""出家人说话就是这样，一句话绕十个弯。本姑娘听得头疼。""},{""speaker"":""陆昭"",""text"":""佛门中人讲究「话到唇边留半句」。但他留的那半句……恐怕才是关键。""},{""speaker"":""凌瑶"",""text"":""嘶……那咱们是不是得想办法把那半句逼出来？""}],[{""speaker"":""凌瑶"",""text"":""道明法师看着慈眉善目的……但说话怎么总是点到为止呢？""},{""speaker"":""陆昭"",""text"":""越是不愿多说的人，心里藏的东西越多。""},{""speaker"":""凌瑶"",""text"":""陆大人您这话说得跟他一样绕……不过我好像懂了。""}]]},{""id"":""node_end_xiao_cui"",""when"":{""trigger"":""dialogue_end"",""npc_id"":""xiao_cui""},""lines"":[[{""speaker"":""凌瑶"",""text"":""花魁娘子嘴巴可真甜……不过本姑娘觉得她其实挺精明的。""},{""speaker"":""陆昭"",""text"":""在那种地方讨生活，不精明活不下去。""},{""speaker"":""凌瑶"",""text"":""也是……她对沈砚秋好像是真的有情。不知道是不是我想多了。""}],[{""speaker"":""凌瑶"",""text"":""小翠姐姐说话有时候真真假假的，得细想想。""},{""speaker"":""陆昭"",""text"":""她藏着一个东西。我能感觉到。""},{""speaker"":""凌瑶"",""text"":""啥东西？……哦，您的意思是还得再来一趟？行！""}]]},{""id"":""visit_location_generic"",""when"":{""trigger"":""visit_location""},""lines"":[[{""speaker"":""凌瑶"",""text"":""又是新地方！陆大人您先查，我帮您望风！""},{""speaker"":""陆昭"",""text"":""望风？你这是查案还是做贼？""},{""speaker"":""凌瑶"",""text"":""嘿嘿，意思意思嘛。反正我眼睛尖！""}],""唔，总感觉哪里不对劲……本姑娘的直觉一向很准的！"",""这地方看着挺普通的……但既然来了，就四处转转呗。""]},{""id"":""explore_result_empty"",""when"":{""trigger"":""explore_empty""},""lines"":[[{""speaker"":""凌瑶"",""text"":""白跑一趟！不过没关系，查案嘛，总有碰壁的时候。""},{""speaker"":""陆昭"",""text"":""排除不是目的，但每排除一处，真相就近一步。""},{""speaker"":""凌瑶"",""text"":""……陆大人你说话真好听。行，下一个！""}],""嗯……本姑娘翻了半天啥也没找到。陆大人您那边呢？""]},{""id"":""day_change_generic"",""when"":{""trigger"":""new_day""},""lines"":[[{""speaker"":""凌瑶"",""text"":""新的一天！今天本姑娘精神满满，一定帮上忙！""},{""speaker"":""陆昭"",""text"":""那就打起精神来。昨天还有很多没弄清楚的。""},{""speaker"":""凌瑶"",""text"":""收到！保证不拖后腿！……尽量。""}],""天亮了，该干活了！陆大人，今天咱们先去哪儿？""]},{""id"":""period_late_generic"",""when"":{""trigger"":""period_late""},""lines"":[[{""speaker"":""凌瑶"",""text"":""陆大人，天色不早了……您抓紧啊！""},{""speaker"":""陆昭"",""text"":""我知道。还有几处必须去。""},{""speaker"":""凌瑶"",""text"":""行！那本姑娘跟紧您，绝不掉队！""}],""时候不早了……本姑娘倒不累，就是怕时间不够用。""]},{""id"":""accuse_fail_generic"",""when"":{""trigger"":""accuse_fail""},""lines"":[[{""speaker"":""凌瑶"",""text"":""啊……搞错了？""},{""speaker"":""陆昭"",""text"":""是我太急了。证据还不够充分。""},{""speaker"":""凌瑶"",""text"":""没关系没关系！咱们再查查！本姑娘不信查不出来！""}],[{""speaker"":""凌瑶"",""text"":""呜……这一下可丢人了。""},{""speaker"":""陆昭"",""text"":""……不算丢人。至少排除了一个方向。""},{""speaker"":""凌瑶"",""text"":""对对对！排除法！陆大人您果然厉害，连失败都有道理！""}]]}]}"
case_base,"{""_comment"":""指证答案。仅引擎读取，玩家看不到。注意：道明法师和柳文卿都是误导，真凶是顾清玄。"",""culprit"":""gu_qingxuan"",""motive"":""silence_witness"",""method"":""cinnabar_poison"",""key_evidence"":[""evidence_red_powder"",""evidence_chronic_dose"",""evidence_gu_handwriting"",""evidence_ledger_discrepancy"",""evidence_fake_dossier"",""evidence_cinnabar_bottle"",""evidence_gu_purchase_record""],""min_evidence_required"":4,""suspects"":[{""id"":""liu_wenqing"",""name"":""柳文卿（知县）""},{""id"":""su_wan"",""name"":""苏婉""},{""id"":""zhao_dayou"",""name"":""赵大有（驿丞）""},{""id"":""gu_qingxuan"",""name"":""顾清玄（白衣公子）""},{""id"":""xiao_cui"",""name"":""小翠""},{""id"":""daoming"",""name"":""道明法师""},{""id"":""ma_san"",""name"":""马三（捕头）""}],""motives"":[{""id"":""embezzlement"",""name"":""贪墨灾粮，恐被告发""},{""id"":""love_jealousy"",""name"":""情爱纠葛""},{""id"":""silence_witness"",""name"":""杀人灭口（恐被牵连）""},{""id"":""old_grudge"",""name"":""私人恩怨（旧案宿仇）""},{""id"":""political_rival"",""name"":""官场倾轧""}],""methods"":[{""id"":""cinnabar_poison"",""name"":""朱砂下毒""},{""id"":""stab"",""name"":""刀剑刺杀""},{""id"":""drowned_in_well"",""name"":""溺毙古井""},{""id"":""strangle"",""name"":""勒杀""}],""endings"":{""perfect"":{""title"":""「棋局反杀」结局"",""narration"":""你揭开了真相——白衣公子顾清玄，一个精心伪装的同谋者。他不是游学，是来灭口。\n\n沈砚秋查到的不仅是柳文卿的贪墨，还有背后转运赃银的「白手套」。顾清玄借查旧案为名接近死者，以道明法师的朱砂为掩护，长期慢性投毒。\n\n最狠的一手——他还主动帮你查案，把你的怀疑引向道明和柳文卿。他以为自己是执棋者，没想到你看透了棋局本身。\n\n顾清玄被押解时，笑得很淡：「大人果然不负御史之名。」\n\n柳文卿的贪墨另案收审，道明法师虽有旧罪但已年迈免死。沈砚秋灵位前，苏婉点了一炷香。\n\n你骑马离临川。雨后的官道上，凌瑶在马背上睡着了。""},""good"":{""title"":""「真凶伏法」结局"",""narration"":""你抓对了人——顾清玄。可证据链还差几环，州府未能追诉到更上层的贪腐网络。顾清玄只被定了投毒杀人罪，他背后的人依然逍遥。\n\n但至少沈砚秋的冤情得到了昭雪。春雨过后，临川重归安宁。""},""partial"":{""title"":""「擒贼一半」结局"",""narration"":""你认定了顾清玄是凶手，但动机弄错了。你以为他是为了旧案宿仇，实际上他杀人是为了灭口保命。\n\n顾清玄被押时笑道：「大人只看到了棋子，没看到棋盘。」\n\n这句话你在回京的路上想了很久。""},""bad"":{""title"":""「冤狱再起」结局"",""narration"":""你被层层误导牵着走了。道明法师确实有旧恨，柳文卿确实在贪——可杀沈砚秋的人，不是他们中的任何一个。\n\n你抓错了人。那位白衣公子朝你拱手告辞，翩然离去。他的马车里藏着半瓶朱砂粉和一封销毁一半的信。\n\n临川的雨，又下了起来。""},""timeout"":{""title"":""「日暮途穷」结局"",""narration"":""三天过去了。你没能结案。\n\n顾清玄在你离开临川的前夜来辞行，笑容温雅：「大人辛苦了，沈兄的案子……怕是天意如此。」\n\n你望着他的背影，总觉得哪里不对。可已经来不及了。""}}}"
progression_base,"{""_comment"":""渐进式信息开放系统。凶手为顾清玄版。"",""phases"":[{""id"":""phase_1"",""title"":""案发现场"",""description"":""勘察案发现场，初步了解案情"",""hint"":""先仔细勘察临川驿和县衙，搜集基础证据。"",""locations"":[""post_station"",""yamen""],""unlock_condition"":null},{""id"":""phase_2"",""title"":""扩大调查"",""description"":""死者宅院被人闯入，调查范围扩大"",""hint"":""沈宅已可进入，春风楼和观音庙也出现了线索。"",""locations"":[""shen_residence"",""spring_wind_tower"",""guanyin_temple""],""unlock_condition"":{""any"":[{""flag"":""shen_house_broken""},{""total_periods_used_gte"":8}]}},{""id"":""phase_3"",""title"":""深入追查"",""description"":""朱砂线索指向集市，真相逐渐浮出"",""hint"":""集市药铺有关键证人。谁在大量购买朱砂？"",""locations"":[""market""],""unlock_condition"":{""any"":[{""clue"":""clue_drug_buyer_hint""},{""clue"":""clue_temple_paper""},{""evidence"":""evidence_red_powder""},{""flag"":""met_ma_at_bridge""},{""flag"":""ma_bridge_invite""},{""total_periods_used_gte"":14}]}}],""panel_unlock"":{},""search_point_unlock"":{""shen_residence.drawer"":{""condition"":{""flag"":""shen_house_broken""},""locked_hint"":""门锁完好，暂时无法深入搜查。""},""guanyin_temple.altar"":{""condition"":{""any"":[{""clue"":""clue_temple_paper""},{""clue"":""clue_drug_question""},{""visited"":""daoming.intro""}]},""locked_hint"":""佛龛供奉庄严，贸然翻动恐引人注目。需要先找到理由。""},""market.bridge"":{""condition"":{""any"":[{""flag"":""met_ma_at_bridge""},{""flag"":""ma_bridge_invite""}]},""locked_hint"":""石桥下只有流水，没什么特别的。""}},""npc_unlock"":{""gu_qingxuan"":{""condition"":{""any"":[{""total_periods_used_gte"":6},{""evidence"":""evidence_account_draft""}]}},""su_wan"":{""condition"":{""any"":[{""clue"":""clue_handkerchief""},{""total_periods_used_gte"":14}]}}},""phase_notifications"":{""phase_2"":{""speaker"":""凌瑶"",""text"":""陆大人，沈宅被人闯入了！咱们赶紧去看看。另外听说春风楼和观音庙那边也有人跟死者有来往，是不是该去打探打探？""},""phase_3"":{""speaker"":""凌瑶"",""text"":""朱砂……这是关键线索！镇上集市有药铺，应该能问到谁在买朱砂。陆大人，咱们去集市走一趟吧。""}}}"
npc_states_base,"{""_comment"":""NPC 状态机。凶手为顾清玄版。composure: 0=崩溃 1=慌张 2=动摇 3=戒备 4=正常 5=自信"",""liu_wenqing"":{""initial"":{""composure"":5},""transitions"":[{""on"":""node_visited:show_ledger"",""delta"":{""composure"":-1}},{""on"":""node_visited:show_account"",""delta"":{""composure"":-2}},{""on"":""node_visited:show_letter"",""delta"":{""composure"":-2}},{""on"":""flag_set:liu_alarmed"",""delta"":{""composure"":-1}}]},""su_wan"":{""initial"":{""composure"":3,""openness"":1},""transitions"":[{""on"":""node_visited:investigation"",""delta"":{""openness"":1}},{""on"":""node_visited:afraid_who"",""delta"":{""openness"":1}}]},""zhao_dayou"":{""initial"":{""composure"":4},""transitions"":[{""on"":""node_visited:show_rope"",""delta"":{""composure"":-2}},{""on"":""node_visited:rope_confess"",""delta"":{""composure"":-1}}]},""gu_qingxuan"":{""initial"":{""composure"":5,""mask"":5},""_comment_mask"":""mask 代表伪装程度，越低越容易露出破绽。被质疑时 mask 下降，composure 也会下降。"",""transitions"":[{""on"":""node_visited:who_are_you"",""delta"":{""mask"":-1}},{""on"":""node_visited:show_fan_poem"",""delta"":{""mask"":-1,""composure"":-1}},{""on"":""node_visited:show_handwriting"",""delta"":{""mask"":-2,""composure"":-2}},{""on"":""node_visited:show_purchase"",""delta"":{""mask"":-2,""composure"":-2}},{""on"":""node_visited:confront_alibi"",""delta"":{""composure"":-2}},{""on"":""evidence_obtained:evidence_gu_handwriting"",""delta"":{""mask"":-1,""composure"":-1}},{""on"":""evidence_obtained:evidence_fake_dossier"",""delta"":{""mask"":-2}},{""on"":""evidence_obtained:evidence_ledger_discrepancy"",""delta"":{""composure"":-1}},{""on"":""clue_obtained:clue_gu_background"",""delta"":{""mask"":-1}}]},""ma_san"":{""initial"":{""composure"":4,""trust"":1},""transitions"":[{""on"":""node_visited:your_opinion"",""delta"":{""trust"":1}},{""on"":""flag_set:met_ma_at_bridge"",""delta"":{""trust"":1}}]},""xiao_cui"":{""initial"":{""composure"":3,""openness"":1},""transitions"":[{""on"":""node_visited:yamen_thing"",""delta"":{""openness"":1}},{""on"":""node_visited:more"",""delta"":{""openness"":1}},{""on"":""node_visited:family"",""delta"":{""openness"":1}},{""on"":""node_visited:gu_that_night"",""delta"":{""openness"":1}}]},""daoming"":{""initial"":{""composure"":4,""openness"":1},""_comment"":""道明法师不再是凶手，但有旧案负罪感。当玩家问及旧案时他会逐渐坦白。"",""transitions"":[{""on"":""node_visited:show_paper"",""delta"":{""composure"":-1}},{""on"":""node_visited:old_case_ask"",""delta"":{""openness"":1}},{""on"":""node_visited:confess_old_case"",""delta"":{""openness"":2,""composure"":-1}},{""on"":""evidence_obtained:evidence_fake_dossier"",""delta"":{""openness"":1}}]}}"
day_events_base,"{""_comment"":""日程事件。凶手为顾清玄版。按累计消耗时段触发（3 日 × 14 时段 = 42 总时段）。"",""events"":[{""id"":""evt_day2_break_in"",""trigger"":{""all"":[{""total_periods_used_gte"":8},{""not"":{""flag"":""evt_day2_break_in_done""}}]},""title"":""夜半惊变"",""hint"":""（驿丞神色匆匆赶来）「大人，沈宅的门，今夜被人撬过了……」"",""narration"":[{""speaker"":""旁白"",""text"":""天色微亮，临川驿的老驿丞赵大有匆匆赶来。""},{""speaker"":""赵大有"",""text"":""大人！沈砚秋宅院的门被人撬过了。我刚从那儿过，门半开着，里面被翻得一塌糊涂。""},{""speaker"":""凌瑶"",""text"":""撬门？！昨晚咱们不就在驿站吗，居然有人敢当着我们的面动手……这也太胆大包天了吧！""},{""speaker"":""陆昭"",""text"":""……说明凶手还在临川。而且他要找的东西还没找到。""},{""speaker"":""凌瑶"",""text"":""那咱们快去看看！""}],""effects"":{""set_flag"":""shen_house_broken"",""unlock_hint"":""shen_residence""}},{""id"":""evt_gu_offers_help"",""trigger"":{""all"":[{""total_periods_used_gte"":10},{""not"":{""flag"":""evt_gu_offers_help_done""}},{""not"":{""flag"":""gu_introduced_self""}},{""not"":{""visited"":""gu_qingxuan.intro""}},{""not"":{""clue"":""clue_gu_fan_poem""}}]},""title"":""白衣公子来访"",""hint"":""（一位气度不凡的白衣公子在门外求见）"",""narration"":[{""speaker"":""旁白"",""text"":""一位白衣公子主动找到你，自称顾清玄，沈砚秋的旧友。""},{""speaker"":""顾清玄"",""text"":""大人。在下听闻砚秋兄遇害，特来相助。我与他相识多年，或许能提供一些线索。"",""portrait"":""gu_qingxuan""},{""speaker"":""凌瑶"",""text"":""（低声）陆大人，这人好突然啊……不过有人帮忙总是好的吧？"",""portrait"":""companion""},{""speaker"":""旁白"",""text"":""顾清玄看起来真诚而悲伤。他说他有一些关于沈砚秋过去的资料——如果你有空，可以去春风楼找他。""}],""effects"":{""set_flag"":""gu_introduced_self""}},{""id"":""evt_bridge_appointment"",""trigger"":{""all"":[{""flag"":""met_ma_at_bridge""},{""not"":{""flag"":""ma_bridge_met_done""}},{""not"":{""flag"":""evt_bridge_appointment_done""}}]},""title"":""夜会石桥"",""hint"":""（与马三约定亥时相见）"",""narration"":[""你与马三定下今夜亥时，于城南石桥下相见。"",""去集市的方向，西头那座石桥便是。届时进入「集市」地点，从「探索」中点选「石桥下」。"",""夜里时辰，他自会在那儿候着。""],""effects"":{}},{""id"":""evt_gu_provides_dossier"",""trigger"":{""all"":[{""visited"":""gu_qingxuan.old_case""},{""not"":{""flag"":""evt_gu_dossier_done""}}]},""title"":""顾清玄送来旧案卷宗"",""hint"":""（顾清玄约你于春风楼吃茶）「大人，沈兄之死，怕不是大人想的那么简单……」"",""narration"":[{""speaker"":""旁白"",""text"":""顾清玄在春风楼上邀你吃茶。他从怀中抽出一卷誊本——""},{""speaker"":""顾清玄"",""text"":""这是邻县按察司里的副本。万历四年的米行案——告发者，俗姓严。流放路上，沈家七口尽殁。只剩一个十一岁的小儿——就是后来的沈砚秋。""},{""speaker"":""顾清玄"",""text"":""沈兄查的根本不是赈灾粮——那只是顺手。他真正要为之昭雪的，是他亲生父亲。凶手不在县衙——在临川某处寺院的香火里。""},{""speaker"":""凌瑶"",""text"":""……二十年前的事？等等——他怎么知道得这么清楚？""},{""speaker"":""旁白"",""text"":""顾清玄的消息来源看似合理——按察司幕僚的身份能接触旧档。但凌瑶的话也有道理：他为什么知道得这么清楚？""}],""effects"":{""set_flag"":""gu_provided_dossier""}},{""id"":""evt_ma_reveals_gu_identity"",""trigger"":{""all"":[{""flag"":""ma_bridge_met_done""},{""not"":{""flag"":""evt_ma_reveals_gu_done""}}]},""title"":""马三的秘密"",""hint"":""（马三悄悄递来字条）「那个白衣公子……不是什么游学的。」"",""narration"":[{""speaker"":""旁白"",""text"":""马三趁着无人，低声对你说——""},{""speaker"":""马三"",""text"":""大人，那个白衣公子顾清玄——我上个月在县衙见过他。穿的可不是白衣，是州府按察司的官服。他跟柳知县密谈了半日。""},{""speaker"":""马三"",""text"":""怎么现在变成『游学路过』了？卑职觉得不对劲，但不敢声张。大人您自己留心。""},{""speaker"":""凌瑶"",""text"":""！！！他骗我们！他根本不是什么书生！陆大人——""},{""speaker"":""陆昭"",""text"":""……先不要打草惊蛇。知道他的真实身份，反而是我们的优势。""}],""effects"":{""set_flag"":""gu_identity_exposed"",""gain_clue"":""clue_gu_background""}},{""id"":""evt_day3_liu_pressure"",""trigger"":{""all"":[{""total_periods_used_gte"":20},{""visited"":""liu_wenqing.show_account""},{""not"":{""flag"":""evt_day3_done""}}]},""title"":""县衙施压"",""hint"":""（捕头马三悄悄递来字条）「县老爷今晨发了好大的火……」"",""narration"":[""马三趁着无人，将一张折迭的字条塞到你手里。"",""「县老爷今晨发了好大的火，说御史多事。卑职劝大人，要查就快查——夜里出门也要小心。」"",""字条上只有一行：「今夜守在城南石桥下，可见有趣事。」"",{""speaker"":""凌瑶"",""text"":""这个马捕头……他到底是站哪边的？不过他说的'有趣事'……是什么？""},""（看来夜里时辰，他会等在城南石桥下与你相见。）""],""effects"":{""set_flag"":[""liu_alarmed"",""ma_bridge_invite""],""unlock_phase"":""phase_3""}},{""id"":""evt_day5_su_initiative"",""trigger"":{""all"":[{""total_periods_used_gte"":25},{""visited"":""su_wan.investigation""},{""not"":{""flag"":""evt_day5_done""}}]},""title"":""苏婉来访"",""hint"":""（一位身着素白的妇人在门外，神色焦急）"",""narration"":[""苏婉来到你住处，眼眶通红。"",""「大人，我这两日反复想，前夜与砚秋见面时，他塞给我一物，让我若事不便交给「见朱砂之人」。我不知何意——」"",""她将一个小布包递给你，里面是半截染了朱砂的麻线。"",{""speaker"":""凌瑶"",""text"":""「见朱砂之人」……他知道自己可能出事，提前留了后手？这个人心思可真深。""}],""effects"":{""set_flag"":""su_handed_thread"",""gain_clue"":""clue_red_thread""}},{""id"":""evt_daoming_confesses"",""trigger"":{""all"":[{""flag"":""gu_provided_dossier""},{""visited"":""daoming.old_case_ask""},{""not"":{""flag"":""evt_daoming_confesses_done""}}]},""title"":""道明法师的坦白"",""hint"":""（道明法师在佛前等你）「施主，贫僧有话要说。」"",""narration"":[{""speaker"":""道明法师"",""text"":""施主。贫僧确实二十年前出面告发了沈家米行。但——贫僧是被人逼的。""},{""speaker"":""道明法师"",""text"":""当年有人拿着一份伪造的账簿，逼贫僧以庙的名义出面告发。贫僧……贫僧至今不知那人是谁。只记得他年轻、说话文雅、一身白衣。""},{""speaker"":""凌瑶"",""text"":""……白衣？年轻？二十年前？那时候顾清玄多大？等等不对——""},{""speaker"":""陆昭"",""text"":""二十年前顾清玄还是个孩子。但如果他家族里有人参与呢？或者……他继承了某个人未竟的事。""},{""speaker"":""道明法师"",""text"":""贫僧欠了沈家一条命。如果大人能查明真相，贫僧甘愿伏法。""}],""effects"":{""set_flag"":""daoming_confessed"",""gain_clue"":""clue_daoming_old_case""}},{""id"":""evt_day6_deadline"",""trigger"":{""all"":[{""total_periods_used_gte"":33},{""not"":{""flag"":""evt_day6_done""}}]},""title"":""限期将至"",""hint"":""（你独坐客房，案宗未结。明日便是三日之期）"",""narration"":[""天色暗了下来。明日便是三日之期。"",""若不能结案，你这御史的官印恐怕也要落到案宗夹页里。"",{""speaker"":""凌瑶"",""text"":""明天就是最后期限了……陆大人，您有把握吗？""},{""speaker"":""陆昭"",""text"":""有。""},{""speaker"":""凌瑶"",""text"":""……就一个字？行吧，本姑娘信您！大不了……大不了回镖局挨顿骂呗。""},""证据若已齐全，便可前往县衙公开指证。""],""effects"":{}}]}"
dialogues_base,"{""daoming"":{""_comment"":""道明法师对话树。表面平和睿智，实则隐瞒甚多。当玩家积累足够证据时可逐步揭穿。"",""start_variants"":[{""when"":{""flag"":""daoming_cornered""},""goto"":""intro_cornered""},{""when"":{""all"":[{""evidence"":""evidence_old_case_file""},{""evidence"":""evidence_monk_handwriting""}]},""goto"":""intro_pressed""},{""when"":{""evidence"":""evidence_temple_paper""},""goto"":""intro_alert""}],""start"":""intro"",""nodes"":{""intro"":{""text_variants"":[{""when"":{""state"":""daoming.composure"",""lte"":2},""text"":""（道明法师双手合十，眼神平静却带着一丝叹息）施主又来了。沈施主之死——许是天意。""},{""default"":true,""text"":""（道明法师双手合十）阿弥陀佛。施主请坐。沈施主一案，老衲所知不多，能告知施主的——皆已说尽。""}],""options"":[{""text"":""沈砚秋平时常来庙里吗？"",""goto"":""shen_visits"",""hide_after_visit"":true},{""text"":""庙里这两个月有谁出入？"",""goto"":""temple_visitors"",""hide_after_visit"":true},{""text"":""您怎么看这桩案子？"",""goto"":""your_view"",""hide_after_visit"":true},{""text"":""（出示「庙里的字条」）这字条您见过吗？"",""goto"":""show_paper"",""requires"":{""evidence"":""evidence_temple_paper""},""cost_time"":1,""hide_after_visit"":true}]},""intro_alert"":{""text"":""（道明微微抬眼，目光沉了一沉）施主夜半来访，可是有要事？老衲一向闲云野鹤，怕是答不上施主想问的。"",""options"":[{""text"":""您俗家姓什么？"",""goto"":""lay_name"",""hide_after_visit"":true},{""text"":""（出示「字迹比对」）字底之笔，老衲也认得。"",""goto"":""show_handwriting"",""requires"":{""evidence"":""evidence_monk_handwriting""},""cost_time"":1,""hide_after_visit"":true},{""text"":""（先回去，再来）"",""goto"":""__exit__""}]},""intro_pressed"":{""text"":""（道明合掌许久不语，缓声道）施主——既已知道，又何必再问老衲？"",""options"":[{""text"":""（出示「二十年前旧案」）严施主，万历四年的米行案，是不是您告发的？"",""goto"":""confront_old_case"",""requires"":{""evidence"":""evidence_old_case_file""},""cost_time"":1,""hide_after_visit"":true},{""text"":""（让他先静一静，回去）"",""goto"":""__exit__""}]},""intro_cornered"":{""text"":""（道明跪坐在佛前，神情已经平静得近乎释然）施主请坐。该说的，老衲都说过了。该担的，老衲一肩担起。"",""options"":[{""text"":""把整件事的来龙去脉都讲一遍。"",""goto"":""full_confession"",""hide_after_visit"":true},{""text"":""（默然离开，去指证）"",""goto"":""__exit__""}]},""shen_visits"":{""text"":""（道明微笑）沈施主每月都来上香，问问父母往生之事。是个孝顺的孩子。"",""lie"":{""is_lie"":true,""reason"":""隐瞒沈砚秋来庙是为查旧案而非礼佛"",""exposed_by_node"":""show_temple_visits""},""options"":[{""text"":""（先记下）"",""goto"":""intro""}]},""temple_visitors"":{""text"":""（道明缓缓道）佛门是清净地，平日里只老衲与一个知客僧。香客虽多，皆是过往。"",""lie"":{""is_lie"":true,""reason"":""隐瞒自己亲自外出买朱砂之事"",""exposed_by_node"":""show_buyers""},""options"":[{""text"":""（这话似有玄机）"",""goto"":""intro""}]},""your_view"":{""text"":""（合掌）官府已断，沈施主自寻短见。佛家说「业报」——也许是他先前查案太急，惊扰了某些不该惊扰的人。"",""options"":[{""text"":""（这话像是在引导）"",""goto"":""intro""}]},""show_paper"":{""reveal_lie"":{""lie_node"":""your_view""},""text_variants"":[{""when"":{""state"":""daoming.composure"",""lte"":2},""text"":""（道明的眼神微微一颤，许久才道）这字条……是有信徒求医，问朱砂之毒解法。老衲不通医理，只是替他记下。""},{""default"":true,""text"":""（道明合掌不动声色）这字条像是有人遗落的。佛门来往杂多，老衲并不知情。""}],""options"":[{""text"":""（暂时收回字条）"",""goto"":""intro""}]},""lay_name"":{""text"":""（道明笑得极淡）施主问俗家——老衲已出家二十年，俗名连自己也快忘了。"",""lie"":{""is_lie"":true,""reason"":""刻意回避俗家姓氏"",""exposed_by_node"":""show_handwriting""},""options"":[{""text"":""（他不肯说）"",""goto"":""intro_alert""}]},""show_handwriting"":{""reveal_lie"":{""lie_node"":""lay_name""},""text_variants"":[{""when"":{""state"":""daoming.composure"",""lte"":2},""text"":""（道明的脸色一点点褪去血色，许久沉声道）……这字，确是老衲的。施主从何处得来？""},{""default"":true,""text"":""（道明双手合十）字与字相像，未必同一只手所写。施主不要轻易下断语。""}],""options"":[{""text"":""（再追问下去）"",""goto"":""intro_alert""}]},""show_temple_visits"":{""reveal_lie"":{""lie_node"":""shen_visits""},""text"":""（你出示了集市与知客僧的口供：沈砚秋每旬必至，问的不是佛事，是「往年的捐粮册」。）\n\n（道明合掌许久）……是。沈施主问的，并非父母之事。他问的，是老衲早年在临川尚未出家时的旧账。"",""options"":[{""text"":""（继续）"",""goto"":""intro_alert""}]},""show_buyers"":{""reveal_lie"":{""lie_node"":""temple_visitors""},""text"":""（药铺掌柜的口供你已转告道明）有位「化缘的师父」隔几日就来取朱砂——不就是您本人吗？\n\n（道明面色不动，只低声道）老衲为庙中画佛，需朱砂磨入颜料。施主多虑。"",""options"":[{""text"":""（这解释牵强）"",""goto"":""intro_alert""}]},""confront_old_case"":{""set_flags"":[""daoming_cornered""],""text"":""（道明良久，缓缓睁眼）……是。万历四年那场告发，是老衲。\n\n那年——老衲还俗名「严某」，是临川街上一个小账房。沈家米行隔壁。我家与沈父因捐粮的差额起了争执，沈父打了我——也撞翻了我父亲的烟杆，烧了半个屋。\n\n我父亲在那场火里死了。\n\n我去衙门告——告他「私吞捐粮」。卷宗上写的是清楚的，可那其实并非沈父所为。沈家七口流放岭南，路上死绝。只剩这一个孩子被远房舅父收去——也就是沈砚秋。\n\n老衲此后入空门，自以为这账已经过了。可——沈砚秋他长大了，他来了。"",""options"":[{""text"":""那您为什么要再下毒？"",""goto"":""ask_motive"",""hide_after_visit"":true},{""text"":""（先记下，回去整理证据）"",""goto"":""__exit__""}]},""ask_motive"":{""text"":""（道明垂下眼帘）他每来一次，便问一遍那年的事。老衲一开始能答多少答多少。可他越问越深——他已经查到了那张赏银的字据。\n\n他写的诗——「朱砂三两印朱痕，何故年年减半分」——朱砂三两，那年的告发赏银，正是「白银三两」。何故年年减半分——他是在讥刺老衲：每年清明，本要为父超度，却年年减半分功德。\n\n他是在告诉老衲：他都知道了。\n\n他迟早要去州府告——告那一桩二十年前的旧账。老衲一人受罚不打紧，可佛门也要受牵连。\n\n于是——朱砂入茶。每日少许。三月半两可致。\n\n沈施主体弱，老衲算错了日子，他比预想中早走了一步。临死前他扑去了井边，许是想喝水解毒——可惜，井水也救不了他。"",""options"":[{""text"":""（沉默离开）"",""goto"":""__exit__""}]},""full_confession"":{""text"":""（道明低声诵了一段经，转头道）旧账二十年。老衲承担。\n\n这一切，与柳大人无关——柳大人贪墨自有他的罪，但与沈施主的死无关。\n\n施主该指证的是老衲。也只能是老衲。"",""options"":[{""text"":""（去指证）"",""goto"":""__exit__""}]}}},""gu_qingxuan"":{""start_variants"":[{""when"":{""state"":""gu_qingxuan.revealed"",""gte"":2},""goto"":""intro_revealed""}],""start"":""intro"",""nodes"":{""intro"":{""text"":""（白衣公子放下茶盏，淡淡一笑）御史大人远道而来，临川招待不周。在下顾清玄，游学经过此地。"",""options"":[{""text"":""昨晚你在临川驿？"",""goto"":""where"",""hide_after_visit"":true},{""text"":""你认识沈砚秋？"",""goto"":""knew_shen"",""hide_after_visit"":true},{""text"":""你到底是什么人？"",""goto"":""who_are_you"",""hide_after_visit"":true},{""text"":""（出示证据）把「致州府密信」摆出来"",""goto"":""show_letter"",""requires"":{""evidence"":""evidence_secret_letter""},""cost_time"":1,""hide_after_visit"":true}]},""intro_revealed"":{""text"":""（顾清玄收起折扇，神色比之前郑重了几分）陆大人，既然话已挑明，在下也不再瞒着。\n\n在下乃邻县按察分司之吏。柳文卿贪墨之事，按察使大人早已留意，特派在下来临川察访。大人查到何处了？"",""options"":[{""text"":""你跟沈砚秋是约好的？"",""goto"":""with_shen"",""hide_after_visit"":true},{""text"":""你为何不直接出手？"",""goto"":""why_silent"",""hide_after_visit"":true}]},""where"":{""text"":""在下昨晚确实住在驿站，北边的厢房。雨太大，没出过门。后院的事，是早上听驿丞惊呼才知道的。"",""options"":[{""text"":""（暂记）"",""goto"":""intro""}]},""knew_shen"":{""text"":""（指尖一停）算认识。半个月前在春风楼有过一面之缘。沈主簿是个有书卷气的人。"",""lie"":{""is_lie"":true,""reason"":""隐瞒双方实为合作关系"",""exposed_by_node"":""show_letter""},""options"":[{""text"":""（先记下）"",""goto"":""intro""}]},""who_are_you"":{""text"":""（笑容收了一点）一个出门游学的书生罢了。不过——大人您知道吗，临川的赈灾粮帐目，邻县的按察司也有人在留意。大人查案的同时，不妨多问问这方面。"",""options"":[{""text"":""（这是在暗示什么）"",""goto"":""intro""}]},""show_letter"":{""reveal_lie"":{""lie_node"":""knew_shen""},""text"":""（顾清玄看到密信，沉默良久，缓缓道）这密信本是要送到按察司的。可惜——晚了。\n\n大人，在下与沈砚秋有约：他从内查帐，在下从外验证。如今他人没了，证据落到大人手里，也算天意。"",""set_flags"":[""gu_revealed_identity""],""options"":[{""text"":""你跟沈砚秋是约好的？"",""goto"":""with_shen"",""hide_after_visit"":true},{""text"":""你为何不直接出手？"",""goto"":""why_silent"",""hide_after_visit"":true}]},""with_shen"":{""text"":""三个月前，他递了第一封信到按察司。按察使大人不动声色，派在下来配合他取证。我们约定，案发当夜他将告发信交给在下，由在下带回州府。\n\n谁知——他没等到这一夜。"",""options"":[{""text"":""（沉重）"",""goto"":""intro_revealed""}]},""why_silent"":{""text"":""因为没有证据。柳文卿掌管县衙文书，又有州府某些人遮掩，按察司若贸然出手反会打草惊蛇。\n\n在下今日仍可作证，但需大人有充分实物方能定罪。"",""options"":[{""text"":""（点头）"",""goto"":""intro_revealed""}]}}},""liu_wenqing"":{""_comment"":""柳文卿对话：进入时按 composure 选不同 intro；多次出示证据他越来越紧张但仍装糊涂；composure<=1 时崩溃自白"",""start_variants"":[{""when"":{""state"":""liu_wenqing.composure"",""lte"":1},""goto"":""intro_broken""},{""when"":{""state"":""liu_wenqing.composure"",""lte"":2},""goto"":""intro_shaken""},{""when"":{""all"":[{""state"":""liu_wenqing.composure"",""lte"":3},{""day_gte"":3}]},""goto"":""intro_wary""}],""start"":""intro"",""nodes"":{""intro"":{""text"":""陆大人辛苦了。本县已经听说了，唉……沈主簿可是个有学问的人，竟然想不开自寻短见，是我这个知县没看顾好他。下官已经叫马三去料理后事了。大人您要是没什么要紧事，这案子就这么了结吧——免得州府那边节外生枝。"",""options"":[{""text"":""你说他是自杀？"",""goto"":""suicide"",""hide_after_visit"":true},{""text"":""你跟沈砚秋平日里来往多吗？"",""goto"":""relation"",""hide_after_visit"":true},{""text"":""最近这段时间一起吃过饭吗？"",""goto"":""shared_dinner"",""hide_after_visit"":true},{""text"":""（出示证据）把「春风楼帐簿」摆出来"",""goto"":""show_ledger"",""requires"":{""all"":[{""evidence"":""evidence_tower_ledger""},{""not_flag"":""lie_exposed:liu_wenqing.shared_dinner""}]},""cost_time"":1},{""text"":""（出示证据）把「赈灾粮帐目稿」摆出来"",""goto"":""show_account"",""requires"":{""evidence"":""evidence_account_draft""},""cost_time"":1,""hide_after_visit"":true},{""text"":""（出示证据）把「致州府的密信」摆出来"",""goto"":""show_letter"",""requires"":{""evidence"":""evidence_secret_letter""},""cost_time"":1,""hide_after_visit"":true},{""text"":""（连环出示三件证据，正面质问）"",""goto"":""final_press"",""requires"":{""all"":[{""evidence"":""evidence_tower_ledger""},{""evidence"":""evidence_account_draft""},{""evidence"":""evidence_secret_letter""},{""state"":""liu_wenqing.composure"",""lte"":2}]},""cost_time"":1}]},""intro_wary"":{""text_variants"":[{""when"":{""flag"":""liu_alarmed""},""text"":""（柳文卿放下手中的卷宗，神色比昨日严肃了几分）陆大人又来了。本县已是事务繁忙——大人若是没什么新的物证，下官可要送客了。""},{""default"":true,""text"":""（柳文卿放下手中的卷宗，神色严肃）陆大人又来了。沈砚秋一案——本县以为，已无再议之必要。""}],""options"":[{""text"":""（出示证据）把「春风楼帐簿」摆出来"",""goto"":""show_ledger"",""requires"":{""all"":[{""evidence"":""evidence_tower_ledger""},{""not_flag"":""lie_exposed:liu_wenqing.shared_dinner""}]},""cost_time"":1},{""text"":""（出示证据）把「赈灾粮帐目稿」摆出来"",""goto"":""show_account"",""requires"":{""evidence"":""evidence_account_draft""},""cost_time"":1,""hide_after_visit"":true},{""text"":""（出示证据）把「致州府的密信」摆出来"",""goto"":""show_letter"",""requires"":{""evidence"":""evidence_secret_letter""},""cost_time"":1,""hide_after_visit"":true},{""text"":""（连环出示三件证据，正面质问）"",""goto"":""final_press"",""requires"":{""all"":[{""evidence"":""evidence_tower_ledger""},{""evidence"":""evidence_account_draft""},{""evidence"":""evidence_secret_letter""},{""state"":""liu_wenqing.composure"",""lte"":2}]},""cost_time"":1}]},""intro_shaken"":{""text"":""（柳文卿坐在案后，手中折扇没有打开。看到你进来，眼神短暂闪烁了一下）……陆大人。又来了。"",""options"":[{""text"":""（再次施压）你还想瞒到什么时候？"",""goto"":""press_more"",""cost_time"":1},{""text"":""（连环出示三件证据，正面质问）"",""goto"":""final_press"",""requires"":{""all"":[{""evidence"":""evidence_tower_ledger""},{""evidence"":""evidence_account_draft""},{""evidence"":""evidence_secret_letter""}]},""cost_time"":1}]},""intro_broken"":{""text"":""（柳文卿坐在案后，神情灰败，折扇散在桌上）……陆大人不必再说了。下官——下官认。"",""options"":[{""text"":""你为何要杀沈砚秋？"",""goto"":""confess_motive""},{""text"":""（先记下他的态度，离开）"",""goto"":""__exit__""}]},""press_more"":{""text"":""（柳文卿手指微微发抖，强笑）大人这话——这话从何说起。本县不知大人所指为何。"",""options"":[{""text"":""（先放放，离开）"",""goto"":""__exit__""}]},""suicide"":{""text"":""（柳文卿轻摇折扇）井边有人投井挣扎的痕迹——大人难道认为，这井边会有谁跟一个穷主簿争执？沈砚秋这人，性子又孤僻，独自一个人住了好几年，肯定是心病憋出来的。"",""options"":[{""text"":""（记下他的语气）"",""goto"":""intro""}]},""relation"":{""text"":""上下级而已。下官是他的顶头上司，公事之外不过点头之交。"",""lie"":{""is_lie"":true,""reason"":""掩盖与沈的密切来往"",""exposed_by_node"":""show_ledger""},""options"":[{""text"":""（看起来跟他离得远远的）"",""goto"":""intro""}]},""shared_dinner"":{""text"":""（笑得很温和）最近公事繁忙，下官跟沈主簿已经好久没一起吃过饭了。"",""lie"":{""is_lie"":true,""reason"":""回避案发前一周与沈的同席"",""exposed_by_node"":""show_ledger""},""options"":[{""text"":""（记下这句话）"",""goto"":""intro""}]},""show_ledger"":{""reveal_lie"":{""lie_node"":""shared_dinner""},""text_variants"":[{""when"":{""state"":""liu_wenqing.composure"",""lte"":2},""text"":""（柳文卿盯着帐簿，扇子忽地合上，脸色微变）……廿三日那天……是我，是我去找他的。可那只是为公事——大人不要乱想。""},{""default"":true,""text"":""（柳文卿翻开帐簿，扇子顿了一下，又重新摇起来）哦……这是上个月二十三号的事？大人您记性真好。下官是去过一次——但那是为了公事，不是同席。下官说「最近没一起吃饭」，意思是从那以后就没有了。""}],""options"":[{""text"":""什么公事？"",""goto"":""what_business""},{""text"":""（先记下他的辩解）"",""goto"":""intro""}]},""what_business"":{""text"":""（顿了顿）……是沈砚秋向我请教文章的事。书生气，没什么大不了的。"",""lie"":{""is_lie"":true,""reason"":""用书生气搪塞真实议题"",""exposed_by_node"":""show_account""},""options"":[{""text"":""（这话越听越不对劲）"",""goto"":""intro""}]},""show_account"":{""reveal_lie"":{""lie_node"":""what_business""},""text_variants"":[{""when"":{""state"":""liu_wenqing.composure"",""lte"":2},""text"":""（柳文卿盯着帐目稿，半晌不语，缓缓道）……这帐目，本县……本县并不熟悉。可、可此事还须容下官细查。""},{""default"":true,""text"":""（柳文卿目光突然一沉）这——这是从哪儿来的？沈砚秋平时就爱舞文弄墨，那些数字怕是他自己抄错了。本县正打算去查……""}],""options"":[{""text"":""（继续观察他的神情）"",""goto"":""intro""}]},""show_letter"":{""text_variants"":[{""when"":{""state"":""liu_wenqing.composure"",""lte"":1},""text"":""（柳文卿身子一晃，手扶住案几）……陆大人，您都知道了。""},{""default"":true,""text"":""（折扇啪地合上，他强笑）大、大人。这封信只是个草稿，做不得真。沈砚秋这人一直有点疑神疑鬼，老觉得有人要害他。这种胡思乱想写的东西……""}],""options"":[{""text"":""（再追问他就要崩了）"",""goto"":""intro""}]},""final_press"":{""text"":""（你将帐簿、帐目稿、密信三件物证一一摆在案上）柳大人。三年贪墨灾粮、与死者最后同席、死者写至一半的告发信——三样物证都在此。你还要装到几时？"",""options"":[{""text"":""（等他回答）"",""goto"":""confess""}]},""confess"":{""text"":""（柳文卿瘫坐在椅上，许久——许久才出声）……是。这三年的赈灾粮，下官——下官认。\n\n两千石粮，下官替自己留了一千五。沈砚秋查出来了，要告——下官知道。\n\n可——大人。下官没杀他。\n\n二十三日那夜下官是去找他了，是要劝他息事宁人。下官有个法子——把他举荐到州府去任职，远离临川。可他不肯。\n\n他冷笑：「柳大人，你以为我告你只是为了赈灾粮？我告你，是顺手——你只是个挡在我前面的小人物。我真要算的账，比你的还大。」\n\n下官当时不解。第二天清早，他就死了。\n\n下官——贪墨该认，杀人却万万不曾。"",""set_flags"":[""liu_confessed""],""options"":[{""text"":""他真要算的「大账」是什么？"",""goto"":""confess_clue"",""hide_after_visit"":true},{""text"":""（沉默离开）"",""goto"":""__exit__""}]},""confess_clue"":{""text"":""（柳文卿苦笑）下官也只能把他原话告诉大人——他说：「柳大人，你查惯了纸面上的账，可临川还有一笔账，是用人命写的——二十年前的事。你若知道了，自己也得发抖。」\n\n下官当时只当他是疯话。如今他人没了——大人不妨问问观音庙的住持。沈砚秋这两个月，几乎天天往那座庙里跑。"",""gain_clue"":""clue_temple_visits"",""options"":[{""text"":""（这条线索很要紧——离开）"",""goto"":""__exit__""}]},""confess_motive"":{""text"":""（柳文卿苦笑）大人若以为下官是凶手——下官只能说，下官只贪了粮，未敢害人。沈砚秋的死另有缘由——临川还有一笔旧账，二十年前的。大人去问问那位「清净人」。"",""set_flags"":[""liu_confessed""],""gain_clue"":""clue_temple_visits"",""options"":[{""text"":""（你已经听完了。离开）"",""goto"":""__exit__""}]}}},""ma_san"":{""start_variants"":[{""when"":{""flag"":""ma_bridge_met_done""},""goto"":""intro_open""},{""when"":{""flag"":""met_ma_at_bridge""},""goto"":""intro_waiting""},{""when"":{""state"":""ma_san.trust"",""gte"":2},""goto"":""intro_trust""}],""start"":""intro"",""nodes"":{""intro"":{""text"":""（马三抱拳，眼睛扫了一下四周）大人。卑职奉命候命。沈主簿的事——卑职这里不方便多说。"",""options"":[{""text"":""你什么时候到的现场？"",""goto"":""when_arrived"",""hide_after_visit"":true},{""text"":""你怎么看这案子？"",""goto"":""your_opinion"",""hide_after_visit"":true},{""text"":""（出示证据）把「赈灾粮帐目稿」摆出来"",""goto"":""show_account"",""requires"":{""evidence"":""evidence_account_draft""},""cost_time"":1,""hide_after_visit"":true},{""text"":""（约他出来）今晚城外石桥下面见。"",""goto"":""set_bridge_meet"",""requires"":{""all"":[{""visited"":""ma_san.your_opinion""},{""location_unlocked"":""market""}]},""hide_after_visit"":true}]},""intro_trust"":{""text"":""（马三压低声）大人在县衙问，卑职不敢说太多。大人若有事，最好换个地方。"",""options"":[{""text"":""（约他出来）今晚城外石桥下面见。"",""goto"":""set_bridge_meet"",""requires"":{""location_unlocked"":""market""},""hide_after_visit"":true}]},""intro_waiting"":{""text"":""（马三压低声音）大人，在县衙里不能细说。您若真信得过卑职，今夜去集市西头的石桥下等我。那里水声大，也没人敢靠近。"",""options"":[{""text"":""我知道了，今夜去石桥下。"",""goto"":""__exit__""}]},""intro_open"":{""text"":""（夜色下，石桥之下水声哗哗。马三低声道）大人。这里没人。卑职便把心里话都倒出来。"",""options"":[{""text"":""县里的赈灾粮，柳大人到底贪了多少？"",""goto"":""open_grain"",""hide_after_visit"":true},{""text"":""你为何不敢在县衙说？"",""goto"":""open_fear"",""hide_after_visit"":true},{""text"":""你还见过什么？"",""goto"":""open_sighting"",""hide_after_visit"":true},{""text"":""案发那夜还有别的可疑的人吗？"",""goto"":""open_other_sight"",""hide_after_visit"":true}]},""when_arrived"":{""text"":""早上五点多，赵驿丞派人来报。卑职马上就赶过去了。到的时候沈主簿脸色青黑，明显是中毒——可县老爷一到，就定了「自尽」二字。卑职……卑职是个粗人，不敢多嘴。"",""options"":[{""text"":""（值得记下）"",""goto"":""intro""}]},""your_opinion"":{""text"":""（左右看了一眼，压低声音）大人，卑职说一句话就走——这案子不是卑职断的。在县衙里头，卑职说不得。大人要是有空，可以到城外石桥下面，咱们再聊。"",""options"":[{""text"":""（明白他的难处）"",""goto"":""intro""}]},""show_account"":{""text"":""（马三看到帐目稿，眼睛瞪大了）这……这就是了。这就是沈主簿前几个月天天抄的东西。卑职曾经撞见他抄到深夜，他只说「公事」两个字。现在终于明白了——大人，您一定要把这案子翻过来。"",""options"":[{""text"":""（点头）"",""goto"":""intro""}]},""set_bridge_meet"":{""text"":""（马三轻轻点头）好。卑职今夜亥时去那石桥下候大人。\n\n（出了县衙，往集市方向去，集市西头的石桥下便是相见之处。）"",""set_flags"":[""met_ma_at_bridge""],""options"":[{""text"":""（去集市的石桥下找他）"",""goto"":""__exit__""}]},""open_grain"":{""text"":""三年算下来，少说两千石。卑职是粗人，可这账卑职会算——县里饿死的人里头，至少有一半本该有粮。"",""options"":[{""text"":""（沉默）"",""goto"":""intro_open""}]},""open_fear"":{""text"":""前年有个老主簿姓周，也想告。后来——后来死在自家屋里，说是中风。我去验尸的时候，看见他嘴角发黑、指甲青紫——跟这次的沈主簿，一模一样。"",""set_flags"":[""learned_previous_death""],""options"":[{""text"":""（这案子比想象中要深）"",""goto"":""intro_open""}]},""open_sighting"":{""text"":""案发前夜，子时三刻——卑职在县衙后门当值，看见柳大人从衙门后院出来，手里提着个小布包，连夜骑马出城。卑职跟了一段，他是去城西的私家粮仓——那是他贪墨灾粮的窝子。\n\n柳大人那夜不在临川，回到县衙时已经是辰时了。"",""set_flags"":[""ma_witness_liu""],""options"":[{""text"":""（这条证词很重要——但不等于他杀了人）"",""goto"":""intro_open""}]},""open_other_sight"":{""text"":""（马三皱眉想了想）说起来——子时四刻左右，我从衙门后门出来去屋瓦上守夜，瞥见有个穿灰色僧袍的人，从沈宅那边的小巷里走出来，往观音庙方向去了。当时我没在意——观音庙的师父半夜替人念经也是常事。\n\n现在想起来——那个时辰，他从沈宅出来做什么？"",""set_flags"":[""ma_witness_monk""],""gain_clue"":""clue_temple_visits"",""options"":[{""text"":""（这条线索更要紧）"",""goto"":""intro_open""}]}}},""su_wan"":{""start_variants"":[{""when"":{""flag"":""evt_day5_done""},""goto"":""intro_after_day5""}],""start"":""intro"",""nodes"":{""intro"":{""text"":""（妇人转过身，抬起一双红肿的眼）大人……砚秋他、他真的走了吗？昨天他还跟我说，过不了几天就……（说不下去）"",""options"":[{""text"":""你跟沈砚秋是什么关系？"",""goto"":""relation"",""hide_after_visit"":true},{""text"":""你是不是在沈宅床下落过手帕？"",""goto"":""handkerchief"",""requires"":{""clue"":""clue_handkerchief""},""cost_time"":1,""hide_after_visit"":true},{""text"":""你怎么会出现在临川？"",""goto"":""why_here"",""hide_after_visit"":true},{""text"":""（追问）你前夜在沈宅时，是否与他争执过？"",""goto"":""press_quarrel"",""requires"":{""all"":[{""visited"":""su_wan.handkerchief""},{""day_gte"":4}]},""cost_time"":1}]},""intro_after_day5"":{""text"":""（苏婉神色比前几日平静了一些，眼眶却仍是红的）大人，我已把那物交给您。请您一定查清楚——砚秋走得不甘心。"",""options"":[{""text"":""你前夜在沈宅时，是否与他争执过？"",""goto"":""press_quarrel"",""cost_time"":1,""hide_after_visit"":true},{""text"":""你给我的那条朱砂麻线，从何而来？"",""goto"":""thread_origin"",""requires"":{""clue"":""clue_red_thread""},""cost_time"":1,""hide_after_visit"":true}]},""relation"":{""text"":""（沉默了好一会儿）……我们是同乡。三年前定了亲，他来临川做官，说先攒点俸禄安顿下来，再回去娶我。这次他写信叫我来，说县里的事就快了结了。"",""options"":[{""text"":""他信里还说了什么？"",""goto"":""what_letter""},{""text"":""（先问别的）"",""goto"":""intro""}]},""what_letter"":{""text"":""他说……他说临川有件大事要做，做完就辞官回家。我没问是什么大事，我只盼他平平安安。可他、他怎么就……"",""options"":[{""text"":""（先安抚她一下）"",""goto"":""intro""}]},""handkerchief"":{""text"":""（脸微微一红）那条帕子……是我前天晚上落在他屋里的。我前天偷偷去找过他，那时候他还活得好好的，跟我说着话呢……"",""lie"":{""is_lie"":true,""reason"":""半真半假——确实去过，但隐瞒了争吵"",""exposed_by_node"":""press_quarrel""},""options"":[{""text"":""他有没有跟你说过他在查什么？"",""goto"":""investigation""},{""text"":""（先问别的）"",""goto"":""intro""}]},""press_quarrel"":{""reveal_lie"":{""lie_node"":""handkerchief""},""text"":""（苏婉低下头，许久才道）……是。我那夜确实和他争吵过。\n\n我劝他放下告发的念头，与我回乡成亲。他不肯。我说他若不肯，我也不嫁了。\n\n他冷笑：「你以为我贪生怕死么？」我便摔门而去。\n\n谁知道——那竟是我见他的最后一面。"",""set_flags"":[""su_admitted_quarrel""],""options"":[{""text"":""（沉默）"",""goto"":""intro""}]},""investigation"":{""text"":""（咬着嘴唇，犹豫了一下）他说，他在抄一笔账，是关于赈灾粮的。说县里有人这几年吃了好几年的灾粮。他要写信向州府按察司告发——但他怕。他说怕来不及。"",""options"":[{""text"":""他怕谁？"",""goto"":""afraid_who""},{""text"":""（先记下）"",""goto"":""intro""}]},""afraid_who"":{""text"":""（声音颤抖）他没明说。可他的眉头一直皱着，老是看窗外。我说我留下陪他，他不肯，把我赶回客栈。说万一有什么事，千万别牵连到我。"",""options"":[{""text"":""（沉默）"",""goto"":""intro""}]},""why_here"":{""text"":""我接到信就赶来了。可我到临川的时候已经是昨天傍晚了，住在集市旁边的客栈。今早就听人说……"",""options"":[{""text"":""（先问别的）"",""goto"":""intro""}]},""thread_origin"":{""text"":""（苏婉低声道）那物是砚秋前夜塞给我的。他说：「若事不顺，便交给见朱砂之人。」\n\n我一直未懂何意。今早想到大人正在查朱砂，方才送来。"",""options"":[{""text"":""（点头）"",""goto"":""intro_after_day5""}]}}},""xiao_cui"":{""start_variants"":[{""when"":{""state"":""xiao_cui.openness"",""gte"":3},""goto"":""intro_open""}],""start"":""intro"",""nodes"":{""intro"":{""text"":""（小翠垂泪）大人。砚秋哥哥他、他答应过要把我从这火坑里救出去的。如今……（用袖子掩着脸）"",""options"":[{""text"":""你跟他认识多久了？"",""goto"":""how_long"",""hide_after_visit"":true},{""text"":""他有没有跟你提过县衙的事？"",""goto"":""yamen_thing"",""hide_after_visit"":true},{""text"":""他来春风楼，是来找你的吗？"",""goto"":""why_come"",""hide_after_visit"":true},{""text"":""他有跟你提过他家里的旧事吗？"",""goto"":""family"",""hide_after_visit"":true}]},""intro_open"":{""text"":""（小翠抬起头，眼里含泪，神情却比之前镇定）大人……砚秋哥哥那夜其实塞了一物给我，我一直没敢拿出来。"",""options"":[{""text"":""什么物？"",""goto"":""hidden_item"",""hide_after_visit"":true}]},""how_long"":{""text"":""去年中秋第一次见面。他不像别的客人，从来不动手动脚。就是来听我弹一曲琵琶，然后跟我说几句话。半年里，他来了大概二十次。"",""options"":[{""text"":""（先问别的）"",""goto"":""intro""}]},""yamen_thing"":{""text"":""他从来不提衙门里的事。就有一次，他喝多了酒说：「这世上有种人，把朱砂当饭吃，吃出血来还说是天意。」我那时候听不懂。现在想来——"",""options"":[{""text"":""他还说了什么？"",""goto"":""more""},{""text"":""（先记下）"",""goto"":""intro""}]},""more"":{""text"":""他说：「翠儿，我要是有什么三长两短，你帮我跟我未婚妻说一句——账，在桌子下面。」我那时候只当他开玩笑，没放在心上。"",""options"":[{""text"":""（沉默）"",""goto"":""intro""}]},""why_come"":{""text"":""上个月二十三号晚上，砚秋哥哥并没来找我。他在丙号雅间——跟一位戴乌纱帽的官老爷一直坐到深夜。我从屏风后面瞥了一眼，只觉得那位官老爷脸色冷冰冰的。"",""options"":[{""text"":""你看清那个官老爷是谁了吗？"",""goto"":""who_official""},{""text"":""（先记下）"",""goto"":""intro""}]},""who_official"":{""text"":""我没敢看清，怕得罪贵人。只记得他袖口绣着一只白鹭。"",""options"":[{""text"":""（白鹭——五品文官的补子）"",""goto"":""intro""}]},""family"":{""text"":""（小翠想了一会，眼眶又红了）有一次他喝得最多，跟我说——他原本不姓沈，是抱过去的。他十一岁那年，亲生父亲被人冤告私吞捐粮，全家流放。\n\n他说：「翠儿，告我家的那个人，我至今还在临川——他就在我每日抬头都看得见的地方。」我当时听得心惊肉跳。\n\n他还说他不会去报仇，只想「让那人替我父亲念三个月的经」。"",""gain_clue"":""clue_shen_father_old_case"",""options"":[{""text"":""（这是关键背景）"",""goto"":""intro""}]},""hidden_item"":{""text"":""（小翠从袖中取出一只小巧的瓷瓶，瓶口尚封着）这瓶子他塞给我的时候，叮嘱我说：「若哪天我没回来，便交给查案的官人。这是物证。」\n\n我打开闻过——是朱砂粉。封纸里头还夹着一张极薄的纸条——他亲笔的：「砚秋兄见字如面：每日所赠丹砂，乃出某佛门之私焙。汝若信我，便莫再饮。」\n\n这「赠」字——他写得很重。"",""set_flags"":[""xiao_cui_gave_bottle""],""gain_evidence"":""evidence_cinnabar_bottle"",""options"":[{""text"":""（接过瓷瓶。这是一件关键物证——朱砂来自佛门）"",""goto"":""__exit__""}]}}},""zhao_dayou"":{""start_variants"":[{""when"":{""flag"":""shen_house_broken""},""goto"":""intro_after_break_in""},{""when"":{""state"":""zhao_dayou.composure"",""lte"":2},""goto"":""intro_after_confess""}],""start"":""intro"",""nodes"":{""intro"":{""text"":""陆大人。小老儿是赵大有，这驿站的驿丞。今早天刚亮，小老儿照例去后院打水，一开门——就看见沈主簿倒在井边了。唉，大人您说，这可怎么办才好。"",""options"":[{""text"":""你把看到的，从头到尾说一遍。"",""goto"":""tell_story"",""hide_after_visit"":true},{""text"":""案发那晚，驿站里还住了别人吗？"",""goto"":""guests"",""hide_after_visit"":true},{""text"":""你最后一次见到沈主簿是什么时候？"",""goto"":""last_seen"",""hide_after_visit"":true},{""text"":""（出示证据）把「井边的断绳」拿给他看"",""goto"":""show_rope"",""requires"":{""clue"":""clue_rope_cut""},""cost_time"":1,""hide_after_visit"":true}]},""intro_after_confess"":{""text"":""（赵大有低着头，再不敢直视你的眼睛）大人……小老儿那银钱已经原封不动放回主簿的衣袋了。求大人不要追究小老儿——"",""options"":[{""text"":""（再问点别的）那夜你确实没见到第二个人？"",""goto"":""really_no_one"",""hide_after_visit"":true},{""text"":""（先离开）"",""goto"":""__exit__""}]},""intro_after_break_in"":{""text"":""（赵大有神色比昨日更慌张）大人……刚才小老儿听人说，沈宅的门被人撬过了。这镇上、这镇上是不是出什么大事了？"",""options"":[{""text"":""你昨夜可曾听到什么动静？"",""goto"":""heard_anything"",""hide_after_visit"":true},{""text"":""那夜你确实没见到第二个人？"",""goto"":""really_no_one"",""hide_after_visit"":true}]},""tell_story"":{""text"":""早上五点多，小老儿提着桶去后院打水。井盖一掀——就见沈主簿仰面躺在井边上，嘴角……都是黑的。小老儿吓得桶都掉了，赶紧跑去县衙报案。马捕头一会儿就到了。"",""options"":[{""text"":""你到的时候，井边是什么情形？"",""goto"":""rope_state""},{""text"":""叫人之前你动过尸体没有？"",""goto"":""moved_body""},{""text"":""（先问别的）"",""goto"":""intro""}]},""rope_state"":{""text"":""（赵大有脸色一变）井绳……井绳本来就是乱的，小老儿哪敢多看一眼啊。"",""lie"":{""is_lie"":true,""reason"":""掩盖动过井绳"",""exposed_by_node"":""show_rope""},""options"":[{""text"":""（先放放，回头再问）"",""goto"":""intro""}]},""moved_body"":{""text"":""（眼神躲闪）小、小老儿吓得手都软了，哪还敢碰尸体啊大人……"",""lie"":{""is_lie"":true,""reason"":""掩盖偷银两"",""exposed_by_node"":""show_rope""},""options"":[{""text"":""（先记下他的反应）"",""goto"":""intro""}]},""guests"":{""text"":""昨晚雨大，住店的就一位白衣公子，半夜一点多才回来歇下。其他就是——大人您和您的随从。沈主簿是本地人，平时不住驿站的，是后半夜被人喊来的。"",""options"":[{""text"":""被人喊来？谁喊的？"",""goto"":""who_called""},{""text"":""（先问别的）"",""goto"":""intro""}]},""who_called"":{""text"":""（赵大有犹豫了一下）这……小老儿真不知道。沈主簿自己来敲的门，门子开了门他就进去了。"",""options"":[{""text"":""（他好像在藏什么。先记下）"",""goto"":""intro""}]},""last_seen"":{""text"":""昨天傍晚，沈主簿来驿站借过一匹马，说要去城北的观音庙一趟。马是凌晨一点多牵回来的——他自己牵回来的。"",""options"":[{""text"":""他去观音庙干什么？"",""goto"":""why_temple""},{""text"":""（先问别的）"",""goto"":""intro""}]},""why_temple"":{""text"":""这小老儿就不知道了。沈主簿是读书人，去庙里走走也是常事吧。"",""options"":[{""text"":""（先记下）"",""goto"":""intro""}]},""show_rope"":{""reveal_lie"":{""lie_node"":""rope_state""},""text"":""（一看到那段断绳，赵大有脸瞬间白了）大、大人……您怎么知道——我、我就是看井绳乱了，整理了一下而已！我没碰尸体，没碰尸体啊！"",""options"":[{""text"":""那你到底动了什么？"",""goto"":""rope_confess""},{""text"":""（先放他一马）"",""goto"":""intro""}]},""rope_confess"":{""text"":""（跪在地上）大人开恩！小老儿就是、就是看见沈主簿袖子里露出几两银子，一时鬼迷心窍拿了出来……再也不敢了！那绳子是我截的，本来想做个套子绑赃物——结果一吓，丢下就跑了！跟杀人真没关系啊大人——"",""set_flags"":[""zhao_confessed_theft""],""options"":[{""text"":""（看来这老头是另一桩小案）"",""goto"":""intro""}]},""really_no_one"":{""text"":""（赵大有抹着汗）大、大人，小老儿真的就开了一次门，那是给白衣公子开的。沈主簿是后半夜自己敲的门——门子开的，不是小老儿。"",""options"":[{""text"":""（先离开）"",""goto"":""__exit__""}]},""heard_anything"":{""text"":""（眼睛一亮）大人这一问——小老儿想起来了。昨夜三更，似乎是听到院里有脚步声，可能不止一个人。小老儿当时困迷糊了，未起身去看。"",""set_flags"":[""zhao_heard_footsteps""],""options"":[{""text"":""（多人脚步——这就对得上了）"",""goto"":""intro_after_break_in""}]}}}}"
