key,value
culprit,culprit_id
motive,main_motive_id
method,main_method_id
min_evidence_required,3
key_evidence,"[""evidence_1"", ""evidence_2"", ""evidence_3""]"
suspects,"[{""id"": ""suspect_1"", ""name"": ""嫌疑人1"", ""unlock"": [], ""unlock_hint"": """"}, {""id"": ""suspect_2"", ""name"": ""嫌疑人2"", ""unlock"": [{""flag"": ""some_flag""}], ""unlock_hint"": ""完成某些条件后解锁""}]"
motives,"[{""id"": ""motive_1"", ""name"": ""动机1"", ""unlock"": [], ""unlock_hint"": """"}, {""id"": ""motive_2"", ""name"": ""动机2"", ""unlock"": [{""evidence"": ""some_evidence""}], ""unlock_hint"": ""找到证据后解锁""}]"
methods,"[{""id"": ""method_1"", ""name"": ""手法1"", ""unlock"": [], ""unlock_hint"": """"}, {""id"": ""method_2"", ""name"": ""手法2"", ""unlock"": [{""evidence"": ""some_evidence""}], ""unlock_hint"": ""找到证据后解锁""}]"
endings,"{""perfect"": {""title"": ""完美结局"", ""narration"": ""你揭破了全部真相。""}, ""good"": {""title"": ""良好结局"", ""narration"": ""你找到了大部分真相。""}, ""partial"": {""title"": ""部分真相"", ""narration"": ""你只找到了部分真相。""}, ""bad"": {""title"": ""失败结局"", ""narration"": ""你没有找到真相。""}, ""timeout"": {""title"": ""超时结局"", ""narration"": ""时间耗尽。""}}"
