banter_id,when,requires,lines,effect,once,priority
after_talk_agui,"{""trigger"": ""dialogue_end"", ""npc_id"": ""agui""}",,"[[{""speaker"": ""凌瑶"", ""text"": ""腿麻了。刚才站太久了。""}, {""speaker"": ""陆昭"", ""text"": ""坐一会儿。""}, {""speaker"": ""凌瑶"", ""text"": ""你那块饼还留着吗？""}, {""speaker"": ""陆昭"", ""text"": ""……给你。""}, {""speaker"": ""凌瑶"", ""text"": ""刚才那个阿贵——他说话我听着不顺。不是假，是太齐了。""}, {""speaker"": ""陆昭"", ""text"": ""问落水时辰的时候停了半拍。""}, {""speaker"": ""凌瑶"", ""text"": ""饼有点干。""}, {""speaker"": ""陆昭"", ""text"": ""忍一下。""}, {""speaker"": ""凌瑶"", ""text"": ""他也不容易。主家刚死，自己差点淹死。""}, {""speaker"": ""陆昭"", ""text"": ""不容易不等于每句都经得起问。""}, {""speaker"": ""凌瑶"", ""text"": ""嗯。吃完去码头。""}]]",,,
after_talk_lao_fan,"{""trigger"": ""dialogue_end"", ""npc_id"": ""lao_fan""}",,"[[{""speaker"": ""凌瑶"", ""text"": ""外面是不是有人在喊卖鱼？""}, {""speaker"": ""陆昭"", ""text"": ""没听见。""}, {""speaker"": ""凌瑶"", ""text"": ""我饿了就耳朵尖。""}, {""speaker"": ""凌瑶"", ""text"": ""对了——你闻到他身上的烟味了吗？""}, {""speaker"": ""陆昭"", ""text"": ""烟味？""}, {""speaker"": ""凌瑶"", ""text"": ""不是江上的。赌坊的。躲雨进过一次，那种味沾衣服三天散不掉。""}, {""speaker"": ""凌瑶"", ""text"": ""刚才问几点回的码头，他顿了一下。""}, {""speaker"": ""陆昭"", ""text"": ""那一下没准备。""}, {""speaker"": ""凌瑶"", ""text"": ""走，去码头。顺路看看有没有卖包子的。""}]]",,,
after_talk_zhou_wife,"{""trigger"": ""dialogue_end"", ""npc_id"": ""zhou_wife""}",,"[[{""speaker"": ""凌瑶"", ""text"": ""火盆快灭了。""}, {""speaker"": ""陆昭"", ""text"": ""我去添柴。""}, {""speaker"": ""凌瑶"", ""text"": ""等一下，先坐着——你那披风还没干。""}, {""speaker"": ""凌瑶"", ""text"": ""刚才周娘子……我不知道该怎么跟她说话。""}, {""speaker"": ""陆昭"", ""text"": ""你都没开口。""}, {""speaker"": ""凌瑶"", ""text"": ""她哭的时候我不敢。眼泪没停，但手在翻账本。翻得很快。""}, {""speaker"": ""凌瑶"", ""text"": ""送镖时遇过这样的人家。灵堂里哭得最凶的女人，算账最清楚。我那时候也不敢开口。""}, {""speaker"": ""陆昭"", ""text"": ""你怕说错话伤她。""}, {""speaker"": ""凌瑶"", ""text"": ""也怕她看出来我在可怜她。""}, {""speaker"": ""陆昭"", ""text"": ""她说的细节你记了几条？""}, {""speaker"": ""凌瑶"", ""text"": ""三条。水性、时辰、老范跟阿贵的关系。""}, {""speaker"": ""陆昭"", ""text"": ""一条条来。""}]]",,,
after_talk_zhou_wife_duck,"{""trigger"": ""dialogue_end"", ""npc_id"": ""zhou_wife"", ""requires"": {""clue"": ""clue_victim_cant_swim""}}",,"[[{""speaker"": ""凌瑶"", ""text"": ""周氏说周老板会水。""}, {""speaker"": ""陆昭"", ""text"": ""会水也可能死，但不会那么快。""}, {""speaker"": ""凌瑶"", ""text"": ""水里可能不止有水。查他吃过什么，身上碰过什么。""}, {""speaker"": ""凌瑶"", ""text"": ""……这雨要下到什么时候。""}]]",,,
after_talk_zhou_wife_money,"{""trigger"": ""dialogue_end"", ""npc_id"": ""zhou_wife"", ""requires"": {""evidence"": ""evidence_dismissal_note""}}",,"[[{""speaker"": ""凌瑶"", ""text"": ""二两银子打发十二年。""}, {""speaker"": ""陆昭"", ""text"": ""堵。""}, {""speaker"": ""凌瑶"", ""text"": ""……火盆你自己忘添了。""}, {""speaker"": ""陆昭"", ""text"": ""我去。""}, {""speaker"": ""凌瑶"", ""text"": ""先把纸上的账和他说的对上。""}]]",,,
after_talk_li_zheng,"{""trigger"": ""dialogue_end"", ""npc_id"": ""li_zheng""}",,"[[{""speaker"": ""凌瑶"", ""text"": ""你刚才差点被他那声'大人'噎住。""}, {""speaker"": ""陆昭"", ""text"": ""他叫得比我亲师爷还响。"", ""emotion"": ""gentle_humor""}, {""speaker"": ""凌瑶"", ""text"": ""外面雨好像小了。""}, {""speaker"": ""陆昭"", ""text"": ""嗯。""}, {""speaker"": ""凌瑶"", ""text"": ""对了——他刚才说'阿贵买过酒肉'那句话，是夹在一大段废话中间的。前面什么'天气不好''路不好走'，突然来一句。""}, {""speaker"": ""凌瑶"", ""text"": ""他每次说完'要我说嘛''不过嘛'，后面那句都不像废话。""}, {""speaker"": ""陆昭"", ""text"": ""老范常去赌坊也是。""}, {""speaker"": ""凌瑶"", ""text"": ""嗯。这两句我觉得是真的。""}, {""speaker"": ""陆昭"", ""text"": ""记下来。走，先去码头。""}], [{""speaker"": ""凌瑶"", ""text"": ""他说阿贵买过酒肉。主家刚死，仆从却有闲钱吃喝，这不顺。""}, {""speaker"": ""陆昭"", ""text"": ""钱从哪来，什么时候花的，都要问。"", ""emotion"": ""serious""}]]",,,
after_talk_fisherman_wang,"{""trigger"": ""dialogue_end"", ""npc_id"": ""fisherman_wang""}",,"[[{""speaker"": ""凌瑶"", ""text"": ""天快黑了。""}, {""speaker"": ""陆昭"", ""text"": ""嗯。""}, {""speaker"": ""凌瑶"", ""text"": ""你刚才一直在看他补网——全程没停。""}, {""speaker"": ""陆昭"", ""text"": ""跟你学的。""}, {""speaker"": ""凌瑶"", ""text"": ""急件还在我怀里。没湿。""}, {""speaker"": ""陆昭"", ""text"": ""案子结了帮你送。""}, {""speaker"": ""凌瑶"", ""text"": ""他今天跟上次不一样——刚才你说雾太大，他没驳，只说'那天夜里'就停了。""}, {""speaker"": ""陆昭"", ""text"": ""自己也知道看错了。""}, {""speaker"": ""凌瑶"", ""text"": ""去码头之前先整点火。真冷了。""}]]",,,
lie_exposed_generic,"{""trigger"": ""lie_exposed""}",,"[[{""speaker"": ""凌瑶"", ""text"": ""这句话松了。不是整个人塌了，是这句话站不住了。""}, {""speaker"": ""陆昭"", ""text"": ""对。先拆话，再拆人。"", ""emotion"": ""serious""}, {""speaker"": ""凌瑶"", ""text"": ""明白。别急着喊凶手，先追他为什么要避开这点。""}]]",,,
gain_evidence_generic,"{""trigger"": ""gain_evidence""}",,"[""又多一样证据。先收好，别让雨淋了。"", ""这东西能不能定人还不好说，但一定能让某句话变得难听。"", [{""speaker"": ""凌瑶"", ""text"": ""陆公子，又一样。证据多起来，我心里踏实些了。""}, {""speaker"": ""陆昭"", ""text"": ""踏实可以，不能松。证据要连得上。"", ""emotion"": ""serious""}, {""speaker"": ""凌瑶"", ""text"": ""知道。像押镖点货，少一件都交不了差。""}]]",,,
gain_clue_generic,"{""trigger"": ""gain_clue""}",,"[""这条先记着。它现在小，后面未必小。"", ""线索不怕不起眼，怕我们嫌它不起眼。"", [{""speaker"": ""凌瑶"", ""text"": ""这条像边角料。""}, {""speaker"": ""陆昭"", ""text"": ""案子常从边角料漏出来。"", ""emotion"": ""serious""}, {""speaker"": ""凌瑶"", ""text"": ""好，那我把边角也收好。""}]]",,,
arrive_ferry_inn,"{""trigger"": ""arrive_location:ferry_inn"", ""requires"": {""not_flag"": ""visited_ferry_inn_banter""}}",,"[[{""speaker"": ""凌瑶"", ""text"": ""这客栈的火倒是旺。可一开门，风就往脖子里钻。""}, {""speaker"": ""陆昭"", ""text"": ""你那封急件耽误了。是我连累你。"", ""emotion"": ""serious""}, {""speaker"": ""凌瑶"", ""text"": ""少来。信要送，人也要救。先把案子查清，路自然会开。""}]]","{""set_flag"": ""visited_ferry_inn_banter""}",,
arrive_zhou_room,"{""trigger"": ""arrive_location:zhou_room"", ""requires"": {""location"": ""zhou_room""}}",,"[[{""speaker"": ""凌瑶"", ""text"": ""（压低声音）她眼睛都哭肿了。可她看文书的时候，手一点也不乱。""}, {""speaker"": ""陆昭"", ""text"": ""悲伤和精明可以在一个人身上。先听她说。"", ""emotion"": ""serious""}]]",,,
arrive_agui_room,"{""trigger"": ""arrive_location:agui_room"", ""requires"": {""location"": ""agui_room""}}",,"[[{""speaker"": ""凌瑶"", ""text"": ""（小声）他比刚才更紧了。手一直缩在袖子里。""}, {""speaker"": ""凌瑶"", ""text"": ""我押镖见过怕事的人，眼睛总找门。他现在就是。""}]]",,,
arrive_ferry_dock,"{""trigger"": ""arrive_location:ferry_dock""}",,"[[{""speaker"": ""凌瑶"", ""text"": ""码头这味儿真冲。鱼腥、湿泥、冷风，全往脸上扑。""}, {""speaker"": ""陆昭"", ""text"": ""昨晚我就是从这里被拖上来的？"", ""emotion"": ""serious""}, {""speaker"": ""凌瑶"", ""text"": ""差不多。你当时脸白得吓人。别想太久，先查。""}]]",,,
arrive_wreck_site,"{""trigger"": ""arrive_location:wreck_site""}",,"[[{""speaker"": ""凌瑶"", ""text"": ""船烂成这样，人困在里头，想想都喘不过气。""}, {""speaker"": ""陆昭"", ""text"": ""嗯。"", ""emotion"": ""serious""}, {""speaker"": ""凌瑶"", ""text"": ""我不多说了。你看船底，我看周围有没有被人动过。""}]]",,,
arrive_river_bend,"{""trigger"": ""arrive_location:river_bend""}",,"[[{""speaker"": ""凌瑶"", ""text"": ""这边人少，风倒更硬。""}, {""speaker"": ""凌瑶"", ""text"": ""押镖走偏路时也这样，路静不代表安全。越静，脚印越好看。""}]]",,,
phase_unlocked_2,"{""trigger"": ""phase_unlocked:phase_2""}",,"[[{""speaker"": ""凌瑶"", ""text"": ""陆公子，别再靠夜里谁看见谁了。先查能拿在手里的东西：尸体、破船、老范竹棚、周家文书。""}]]",,,
phase_unlocked_3,"{""trigger"": ""phase_unlocked:phase_3""}",,"[[{""speaker"": ""凌瑶"", ""text"": ""阿贵招了，但钱里正说得对，口供不能单独押沈清月。""}, {""speaker"": ""陆昭"", ""text"": ""补实证。"", ""emotion"": ""serious""}, {""speaker"": ""凌瑶"", ""text"": ""嗯。钱、人、毒囊、时间线。她会拆，我们就把每一处都钉牢。""}]]",,,
after_talk_shen_phase1,"{""trigger"": ""dialogue_end"", ""npc_id"": ""shen_qingyue"", ""requires"": {""not_flag"": ""agui_confessed_mastermind""}}",,"[[{""speaker"": ""凌瑶"", ""text"": ""……我手心在出汗。""}, {""speaker"": ""陆昭"", ""text"": ""我也是。""}, {""speaker"": ""凌瑶"", ""text"": ""她没凶，没喊。但就是让人发紧。""}, {""speaker"": ""陆昭"", ""text"": ""刚才你说雾——她没驳雾，她提了月亮。""}, {""speaker"": ""凌瑶"", ""text"": ""对！我想说雾太大不可能看清——然后我就顺着月亮说下去了。""}, {""speaker"": ""陆昭"", ""text"": ""我也被带偏过。""}, {""speaker"": ""凌瑶"", ""text"": ""她帮你说话那几句——她说完，周娘子点头了，钱里正也点头了。为什么啊？""}, {""speaker"": ""陆昭"", ""text"": ""……客栈的茶真难喝。""}, {""speaker"": ""凌瑶"", ""text"": ""你还有心思喝茶？""}, {""speaker"": ""陆昭"", ""text"": ""压压惊。""}, {""speaker"": ""凌瑶"", ""text"": ""给我也倒一杯。""}], [{""speaker"": ""凌瑶"", ""text"": ""她刚才像是在帮你说话，可我听着不舒服。""}, {""speaker"": ""陆昭"", ""text"": ""我也有点。""}, {""speaker"": ""凌瑶"", ""text"": ""那就一起小心点。""}]]",,,
after_talk_shen_phase3,"{""trigger"": ""dialogue_end"", ""npc_id"": ""shen_qingyue"", ""requires"": {""flag"": ""agui_confessed_mastermind""}}",,"[[{""speaker"": ""凌瑶"", ""text"": ""呼。刚才差点被她绕进去——她答第三问之前，侧了一下头。""}, {""speaker"": ""陆昭"", ""text"": ""在算。""}, {""speaker"": ""凌瑶"", ""text"": ""你问她跟老范有没有来往，她说'我一个药材行的跟船夫有什么交往'——但没答是哪几天。""}, {""speaker"": ""陆昭"", ""text"": ""案发前三天。她跳过去了。""}, {""speaker"": ""凌瑶"", ""text"": ""我嗓子现在不发紧了。第一次见她，话都不敢接。""}, {""speaker"": ""陆昭"", ""text"": ""你不怕了。""}, {""speaker"": ""凌瑶"", ""text"": ""腿也不软了。你呢？""}, {""speaker"": ""陆昭"", ""text"": ""……还是怕。""}, {""speaker"": ""凌瑶"", ""text"": ""怕自己漏？""}, {""speaker"": ""陆昭"", ""text"": ""嗯。""}, {""speaker"": ""凌瑶"", ""text"": ""那就一起盯。我瞪着她，你问。""}, {""speaker"": ""凌瑶"", ""text"": ""对了——我怀里的急件还在。没被水泡坏。""}, {""speaker"": ""陆昭"", ""text"": ""等案子结了，我帮你送。""}], [{""speaker"": ""凌瑶"", ""text"": ""她刚才看你的眼神，像在算你还差几步。""}, {""speaker"": ""陆昭"", ""text"": ""那就让她算错。"", ""emotion"": ""serious""}, {""speaker"": ""凌瑶"", ""text"": ""嗯。这个我爱听。""}]]",,,
pre_confrontation_agui,"{""trigger"": ""confrontation_start:agui""}",,"[[{""speaker"": ""凌瑶"", ""text"": ""要开始了。我手心有点汗。""}, {""speaker"": ""陆昭"", ""text"": ""紧张？"", ""emotion"": ""serious""}, {""speaker"": ""凌瑶"", ""text"": ""一点点。第一次看人被证据逼到说真话。你问吧，我在旁边看着。""}]]",,,
lingyao_moral_crisis_shen,"{""trigger"": ""phase_unlocked:phase_3"", ""requires"": {""evidence"": ""evidence_father_ledger""}}",,"[[{""speaker"": ""凌瑶"", ""text"": ""陆公子，我有件事想说。""}, {""speaker"": ""陆昭"", ""text"": ""说。"", ""emotion"": ""serious""}, {""speaker"": ""凌瑶"", ""text"": ""我爹前年病过。大夫开药，要三十两。家里拿不出来。""}, {""speaker"": ""凌瑶"", ""text"": ""我跑了三趟远镖，手臂伤了一道，才把钱凑上。""}, {""speaker"": ""凌瑶"", ""text"": ""沈清月要的是八十两。她一个人扛着病父，我能懂一点。""}, {""speaker"": ""陆昭"", ""text"": ""懂，不等于替她开脱。"", ""emotion"": ""serious""}, {""speaker"": ""凌瑶"", ""text"": ""我知道。可我心里还是堵。要是我当年凑不上呢？""}, {""speaker"": ""陆昭"", ""text"": ""你会再跑一趟镖。"", ""emotion"": ""serious""}, {""speaker"": ""凌瑶"", ""text"": ""……你倒说得笃定。""}, {""speaker"": ""陆昭"", ""text"": ""因为你已经这么做过。你选的是拼命，不是害命。"", ""emotion"": ""serious""}, {""speaker"": ""凌瑶"", ""text"": ""好。那我们把她做过的事查清。案子之后，若还能救她父亲，也别让老人白白死。""}, {""speaker"": ""陆昭"", ""text"": ""我会想办法。"", ""emotion"": ""serious""}]]",,true,10
pre_confrontation_shen,"{""trigger"": ""confrontation_start:shen_qingyue""}",,"[[{""speaker"": ""凌瑶"", ""text"": ""陆公子，她不是阿贵。她不会哭着认。""}, {""speaker"": ""凌瑶"", ""text"": ""她会反问，会抓你话里的缝，也会故意激你。""}, {""speaker"": ""陆昭"", ""text"": ""我知道。我现在已经急了，只是不能让她看出来。"", ""emotion"": ""serious""}, {""speaker"": ""凌瑶"", ""text"": ""那我盯她，也盯你。你要被她带偏，我就拽袖子。尽量轻点。""}, {""speaker"": ""陆昭"", ""text"": ""你也别一个人扛。"", ""emotion"": ""serious""}, {""speaker"": ""凌瑶"", ""text"": ""好。那就一起扛。""}]]",,,
confrontation_break_success,"{""trigger"": ""confrontation_break""}",,"[[{""speaker"": ""凌瑶"", ""text"": ""这句压住了。别停。""}], [{""speaker"": ""凌瑶"", ""text"": ""她刚才慢了一拍。继续问这处。""}], [{""speaker"": ""凌瑶"", ""text"": ""证据对上了。先别急着收，顺着这条线追。""}]]",,,
confrontation_wrong_evidence,"{""trigger"": ""confrontation_fail_evidence""}",,"[[{""speaker"": ""凌瑶"", ""text"": ""这东西能说明可疑，但压不到这句话。""}], [{""speaker"": ""凌瑶"", ""text"": ""先别急。她就等你把证据乱扔出去。看清这句话到底护着哪一点。""}], [{""speaker"": ""凌瑶"", ""text"": ""没事。错一次不丢人，硬说对才丢人。换个能直接碰上去的证据。""}]]",,,
arrive_shen_room,"{""trigger"": ""arrive_location:shen_room""}",,"[[{""speaker"": ""凌瑶"", ""text"": ""（低声）她坐得太稳了。像早知道我们会来。""}, {""speaker"": ""凌瑶"", ""text"": ""你看她手指，干净，但虎口有茧。做药材也用不着这样的茧吧。""}]]",,,
arrive_gambling_alley,"{""trigger"": ""arrive_location:gambling_alley""}",,"[[{""speaker"": ""凌瑶"", ""text"": ""这巷子白天也暗。烟味、汗味、骰子声，全混在一起。""}, {""speaker"": ""陆昭"", ""text"": ""你来过这种地方？"", ""emotion"": ""serious""}, {""speaker"": ""凌瑶"", ""text"": ""押镖路上躲雨躲过。还有，我爹以前也赌过，后来被我娘追了三条街。""}, {""speaker"": ""凌瑶"", ""text"": ""老范就是在这儿欠债。问问有没有人见过药材行的姑娘。""}]]",,,
gain_evidence_hull_hole,"{""trigger"": ""gain_evidence"", ""evidence"": ""evidence_hull_hole""}",,"[[{""speaker"": ""凌瑶"", ""text"": ""边缘这么齐，是凿子。船不是自己坏的。""}, {""speaker"": ""陆昭"", ""text"": ""谁凿的，才是问题。"", ""emotion"": ""serious""}, {""speaker"": ""凌瑶"", ""text"": ""老范最有条件。但如果有人让他凿，线就还在后面。""}]]",,,
gain_evidence_float_bladder,"{""trigger"": ""gain_evidence"", ""evidence"": ""evidence_float_bladder""}",,"[[{""speaker"": ""凌瑶"", ""text"": ""阿贵包袱里有浮囊。一个说自己不会水、毫无准备的人，藏着救命东西。""}, {""speaker"": ""陆昭"", ""text"": ""说明他事先知道会落水。"", ""emotion"": ""serious""}, {""speaker"": ""凌瑶"", ""text"": ""他给自己留了活路。可周老板会水还是死了，水里一定还有别的东西。""}]]",,,
gain_clue_salvage_mark,"{""trigger"": ""gain_clue"", ""clue"": ""evidence_salvage_mark""}",,"[[{""speaker"": ""凌瑶"", ""text"": ""下游有人天亮前来过。芦苇、长竿划痕、拖重物的印子，都是新的。""}, {""speaker"": ""陆昭"", ""text"": ""谁知道东西会漂到这里？"", ""emotion"": ""serious""}, {""speaker"": ""凌瑶"", ""text"": ""事先算过的人。或者一直在等的人。""}]]",,,
gain_evidence_blue_herb,"{""trigger"": ""gain_evidence"", ""evidence"": ""evidence_blue_herb_residue""}",,"[[{""speaker"": ""凌瑶"", ""text"": ""蓝色碎屑，味道又辛又冷。寻常香料不是这样。""}, {""speaker"": ""陆昭"", ""text"": ""能让人昏沉失力的草药。混进水里，呛入口鼻就会起效。"", ""emotion"": ""serious""}, {""speaker"": ""凌瑶"", ""text"": ""难怪周老板会水也撑不住。不是水要他的命，是水里被人放了东西。""}]]",,,
gain_evidence_neck_marks,"{""trigger"": ""gain_evidence"", ""evidence"": ""evidence_neck_marks""}",,"[[{""speaker"": ""凌瑶"", ""text"": ""脖颈这道痕很浅，不像勒的，更像挣扎时撞到船壁。""}, {""speaker"": ""陆昭"", ""text"": ""若他很快失力，这道痕就说得通。"", ""emotion"": ""serious""}, {""speaker"": ""凌瑶"", ""text"": ""所以重点还是毒。凿船进水，水带毒进舱。""}]]",,,
gain_evidence_drug_capsule_shell,"{""trigger"": ""gain_evidence"", ""evidence"": ""evidence_drug_capsule_shell""}",,"[[{""speaker"": ""凌瑶"", ""text"": ""这片薄膜边缘是裁过的，不是随手糊船缝剩下的。""}, {""speaker"": ""陆昭"", ""text"": ""它卡在进水口。有人提前把会溶的毒囊固定在这里。"", ""emotion"": ""serious""}, {""speaker"": ""凌瑶"", ""text"": ""位置正对凿洞处。知道凿哪里的人，才放得准。""}]]",,,
gain_evidence_father_ledger,"{""trigger"": ""gain_evidence"", ""evidence"": ""evidence_father_ledger""}",,"[[{""speaker"": ""凌瑶"", ""text"": ""八十两药钱，家里只有四十二两。差三十八两。""}, {""speaker"": ""陆昭"", ""text"": ""三十八两，正是周德茂欠她的旧债。"", ""emotion"": ""serious""}, {""speaker"": ""凌瑶"", ""text"": ""再加周德茂身上的五十两货银，就够了。她不是只讨债，她还算上了那笔货银。""}]]",,,
idle_hint_phase1,"{""trigger"": ""idle"", ""min_periods"": 8, ""requires"": {""not_flag"": ""agui_confessed_mastermind""}}",,"[[{""speaker"": ""凌瑶"", ""text"": ""陆公子，你在理线索？""}, {""speaker"": ""陆昭"", ""text"": ""嗯。"", ""emotion"": ""serious""}, {""speaker"": ""凌瑶"", ""text"": ""那我也说一遍。船不是意外，阿贵和老范都有问题。""}, {""speaker"": ""凌瑶"", ""text"": ""要摆堂问话，至少要有船底、尸体、浮囊、老范上岸时间，还有阿贵被遣散的纸。缺哪样，先补哪样。""}]]",,,
idle_hint_phase3,"{""trigger"": ""idle"", ""min_periods"": 6, ""requires"": {""flag"": ""agui_confessed_mastermind"", ""not_flag"": ""shen_confrontation_triggered""}}",,"[[{""speaker"": ""凌瑶"", ""text"": ""沈清月还在楼上。她不跑，是觉得我们证据还不够。""}, {""speaker"": ""陆昭"", ""text"": ""光凭阿贵口供不够定她。"", ""emotion"": ""serious""}, {""speaker"": ""凌瑶"", ""text"": ""那就补四处：她那晚在哪，货银去哪，老范是谁牵的线，毒囊怎么进船。""}]]",,,
lingyao_shen_connection,"{""trigger"": ""dialogue_end"", ""npc_id"": ""shen_qingyue"", ""requires"": {""flag"": ""shen_connection_pressed""}}",,"[[{""speaker"": ""凌瑶"", ""text"": ""等等。我突然想起我的急件。""}, {""speaker"": ""凌瑶"", ""text"": ""那封信送到石矶渡，收件人姓沈。""}, {""speaker"": ""陆昭"", ""text"": ""姓沈？"", ""emotion"": ""serious""}, {""speaker"": ""凌瑶"", ""text"": ""我还不知道是不是她家。可石矶渡、药材行、姓沈，凑得太近了。""}, {""speaker"": ""陆昭"", ""text"": ""先记下。案子之后查镖单。"", ""emotion"": ""serious""}, {""speaker"": ""凌瑶"", ""text"": ""嗯。要真扯上我这趟镖，我可得把总舵问个明白。""}]]",,true,
moral_reflection_agui,"{""trigger"": ""phase_unlocked:phase_3"", ""requires"": {""flag"": ""agui_confessed_mastermind""}}",,"[[{""speaker"": ""凌瑶"", ""emotion"": ""shocked"", ""text"": ""堂外比里面还冷。""}, {""speaker"": ""陆昭"", ""emotion"": ""tired"", ""text"": ""嗯。""}, {""speaker"": ""凌瑶"", ""emotion"": ""worried"", ""text"": ""你手在抖。""}, {""speaker"": ""陆昭"", ""emotion"": ""tired"", ""text"": ""……不是冷。""}, {""speaker"": ""凌瑶"", ""emotion"": ""shocked"", ""text"": ""他哭的时候，手还攥着那张遣散纸。二两银子，十二年。我听着胸口闷。""}, {""speaker"": ""陆昭"", ""text"": ""……""}, {""speaker"": ""凌瑶"", ""emotion"": ""anxious"", ""text"": ""我在镖局见过被赶走的人。老镖师，腿瘸了，东家给了五两。他收了，第二天还是来门口站着。不知道站给谁看。""}, {""speaker"": ""陆昭"", ""text"": ""……""}, {""speaker"": ""凌瑶"", ""emotion"": ""anxious"", ""text"": ""我爹把我送到镖局那年，我也是跟了他十二年。""}, {""speaker"": ""陆昭"", ""text"": ""……""}, {""speaker"": ""凌瑶"", ""emotion"": ""anxious"", ""text"": ""他没给过我二两银子。但他来看过我——头一年来，后来路远了，就托人捎话。""}, {""speaker"": ""凌瑶"", ""emotion"": ""anxious"", ""text"": ""我当时挺气他的。觉得把我送出去算什么。后来才想明白，他是真的没有别的办法了。""}, {""speaker"": ""凌瑶"", ""emotion"": ""shocked"", ""text"": ""阿贵是十二年。一句话都没捎。就一张遣散纸，两吊钱。""}, {""speaker"": ""凌瑶"", ""emotion"": ""shocked"", ""text"": ""如果我是他，被那样待了十二年——我不知道我会不会也去凿那条船。""}, {""speaker"": ""陆昭"", ""emotion"": ""serious"", ""text"": ""……""}, {""speaker"": ""凌瑶"", ""emotion"": ""anxious"", ""text"": ""我说这个不是要替他开脱。就是……那种闷，我好像能摸到一点。""}, {""speaker"": ""凌瑶"", ""emotion"": ""anxious"", ""text"": ""你说——人要是被亏待了十二年，会不会也变成那样？不是天生坏，是被磨的。""}, {""speaker"": ""陆昭"", ""emotion"": ""serious"", ""text"": ""……可能会。""}, {""speaker"": ""凌瑶"", ""emotion"": ""anxious"", ""text"": ""那你会吗？""}, {""speaker"": ""陆昭"", ""text"": ""……""}, {""speaker"": ""凌瑶"", ""emotion"": ""worried"", ""text"": ""陆昭？""}, {""speaker"": ""陆昭"", ""emotion"": ""gentle"", ""text"": ""你不会。""}, {""speaker"": ""凌瑶"", ""emotion"": ""worried"", ""text"": ""你怎么知道。""}, {""speaker"": ""陆昭"", ""emotion"": ""gentle"", ""text"": ""因为有人叫你的名字。""}, {""speaker"": ""凌瑶"", ""emotion"": ""anxious"", ""text"": ""……""}]]",,true,
first_trust,"{""trigger"": ""event_complete"", ""event_id"": ""evt_inn_recovery""}",,"[[{""speaker"": ""凌瑶"", ""text"": ""你刚才又摸腰侧了。找什么？"", ""emotion"": ""cheerful""}, {""speaker"": ""陆昭"", ""text"": ""官印。沉江里了。"", ""emotion"": ""tired""}, {""speaker"": ""凌瑶"", ""text"": ""官印？你是官家的人？"", ""emotion"": ""curious""}, {""speaker"": ""陆昭"", ""text"": ""……现在说不清了。"", ""emotion"": ""vulnerable""}, {""speaker"": ""陆昭"", ""text"": ""没官印。没人会信。"", ""emotion"": ""vulnerable""}, {""speaker"": ""凌瑶"", ""text"": ""不过……你一个人在那条船上，是要去哪儿的？"", ""emotion"": ""curious""}, {""speaker"": ""凌瑶"", ""text"": ""你说不清没关系。我也没有一定要搞明白的意思。"", ""emotion"": ""cheerful""}, {""speaker"": ""凌瑶"", ""text"": ""不过你被捞上来的时候，第一句话不是救我。是船上还有人。"", ""emotion"": ""curious""}, {""speaker"": ""陆昭"", ""text"": ""……你听见了？"", ""emotion"": ""vulnerable""}, {""speaker"": ""凌瑶"", ""text"": ""嗯。我看见了，就不能当没看见。就这样。"", ""emotion"": ""determined""}, {""speaker"": ""陆昭"", ""text"": ""……就因为这个？"", ""emotion"": ""vulnerable""}, {""speaker"": ""凌瑶"", ""text"": ""知道你会先想别人，就够了。剩下的慢慢补。"", ""emotion"": ""cheerful""}, {""speaker"": ""陆昭"", ""text"": ""……我连自己是谁都证明不了。"", ""emotion"": ""vulnerable""}, {""speaker"": ""陆昭"", ""text"": ""你现在走，也不算食言。"", ""emotion"": ""vulnerable""}]]",,,true
breathe_after_wang,"{""trigger"": ""confrontation_end:wang""}",,"[[{""speaker"": ""凌瑶"", ""text"": ""腿麻了。""}, {""speaker"": ""陆昭"", ""text"": ""……""}, {""speaker"": ""凌瑶"", ""text"": ""靠墙站太久了。你也麻了吧？""}, {""speaker"": ""陆昭"", ""text"": ""还好。""}, {""speaker"": ""凌瑶"", ""text"": ""给你。水。""}, {""speaker"": ""陆昭"", ""text"": ""谢谢。""}, {""speaker"": ""凌瑶"", ""text"": ""雨还在下。你看那个檐角，水连成线了。""}, {""speaker"": ""陆昭"", ""text"": ""嗯。""}, {""speaker"": ""凌瑶"", ""text"": ""你刚才差点把老头子的渔网问断了。他补网的手停了三次。""}, {""speaker"": ""陆昭"", ""text"": ""第三次是他自己知道说不通了。""}, {""speaker"": ""凌瑶"", ""text"": ""我怀里那封急件——刚才靠墙压了一下，希望没皱。""}, {""speaker"": ""陆昭"", ""text"": ""什么急件？""}, {""speaker"": ""凌瑶"", ""text"": ""金鳞镖局的，送到石矶渡。本来昨天就该到的。""}, {""speaker"": ""陆昭"", ""text"": ""耽误了。""}, {""speaker"": ""凌瑶"", ""text"": ""人比信要紧。走，下一个。""}]]",,,
breathe_after_fan,"{""trigger"": ""confrontation_end:fan""}",,"[[{""speaker"": ""凌瑶"", ""text"": ""外面安静了。""}, {""speaker"": ""陆昭"", ""text"": ""他走了。""}, {""speaker"": ""凌瑶"", ""text"": ""火盆快灭了。我去拨一下。""}, {""speaker"": ""陆昭"", ""text"": ""嗯。""}, {""speaker"": ""凌瑶"", ""text"": ""这个客栈的茶是真难喝。凉了更难喝。""}, {""speaker"": ""陆昭"", ""text"": ""你没喝多少。""}, {""speaker"": ""凌瑶"", ""text"": ""喝了三口。第三口是苦的。""}, {""speaker"": ""陆昭"", ""text"": ""……那是茶叶末子。""}, {""speaker"": ""凌瑶"", ""text"": ""你饿不饿？我怀里还有半块饼。压碎了，但还能吃。""}, {""speaker"": ""陆昭"", ""text"": ""不饿。""}, {""speaker"": ""凌瑶"", ""text"": ""那我留着。等下你想吃的时候叫我。""}, {""speaker"": ""陆昭"", ""text"": ""……他刚才说到赌债的时候，手在抖。""}, {""speaker"": ""凌瑶"", ""text"": ""不是怕。是说到那笔数目，他自己也难受。""}, {""speaker"": ""陆昭"", ""text"": ""下一场是什么？""}, {""speaker"": ""凌瑶"", ""text"": ""阿贵。那个手缩在袖子里的。""}]]",,,
night_before_shen,"{""trigger"": ""event_complete"", ""event_id"": ""evt_night_before_shen""}",,"[[{""speaker"": ""凌瑶"", ""text"": ""姜汤。还是烫的。""}, {""speaker"": ""陆昭"", ""text"": ""……你每次端姜汤都掐这个温度？""}, {""speaker"": ""凌瑶"", ""text"": ""镖局的规矩——烫的能让人知道还活着。""}, {""speaker"": ""陆昭"", ""text"": ""这话是你说的。""}, {""speaker"": ""凌瑶"", ""text"": ""我说的是烫。意思差不多。""}, {""speaker"": ""凌瑶"", ""text"": ""明天你从哪条证据开始问？""}, {""speaker"": ""陆昭"", ""text"": ""还没想好。""}, {""speaker"": ""凌瑶"", ""text"": ""那就先不想。今晚就想一件事——你被捞上来的时候，第一句话不是救我。是船上还有人。""}, {""speaker"": ""陆昭"", ""text"": ""……你提过。""}, {""speaker"": ""凌瑶"", ""text"": ""再听一遍。明天不管她说什么，你都是那个人。""}]]",,,
lingyao_river_memory,"{""trigger"": ""arrive_location:ferry_dock"", ""requires"": {""evidence"": ""evidence_hull_hole"", ""not_flag"": ""lingyao_river_memory_done""}}","{""set_flag"": ""lingyao_river_memory_done""}","[[{""speaker"": ""凌瑶"", ""text"": ""这江风一吹，突然想起一个人。""}, {""speaker"": ""陆昭"", ""text"": ""谁？""}, {""speaker"": ""凌瑶"", ""text"": ""我爹。他以前也跑船。"", ""emotion"": ""cheerful""}, {""speaker"": ""凌瑶"", ""text"": ""后来不跑了。跑丢了。"", ""emotion"": ""cheerful""}, {""speaker"": ""陆昭"", ""text"": ""……跑丢了？""}, {""speaker"": ""凌瑶"", ""text"": ""嗯。有一趟出去就没回来。那年我才七岁。"", ""emotion"": ""cheerful""}, {""speaker"": ""凌瑶"", ""text"": ""所以我捞你的时候格外使劲。""}]]",,true,
lingyao_gambling_debt,"{""trigger"": ""gain_evidence"", ""evidence"": ""evidence_gambling_iou""}",,"[[{""speaker"": ""凌瑶"", ""text"": ""四十二两。""}, {""speaker"": ""陆昭"", ""text"": ""嗯。""}, {""speaker"": ""凌瑶"", ""text"": ""我爹也欠过。没这么多——大概七八两。""}, {""speaker"": ""凌瑶"", ""text"": ""不多，但够让他不敢回家。那一年过年，家里桌上只有我娘做的两碗粥。""}, {""speaker"": ""陆昭"", ""text"": ""……""}, {""speaker"": ""凌瑶"", ""text"": ""后来他把债还上了。人也回来了。我问过他，最难熬的是哪一步——他说不是欠的数，是回家那条路。""}, {""speaker"": ""凌瑶"", ""text"": ""老范走到这一步，不知道那条路他还能不能找到。""}]]",,,

