npc_id,node_id,order,speaker_id,speaker,type,text,emotion,requires,highlight,record_type,record_title,record_text,record_id
agui,intro,1,agui,,,陆公子……您别站太近。小的昨晚一闭眼就是水声。,nervous,"{""flag"": ""evt_missing_body_done""}",,,,,
agui,intro,2,agui,,,那水灌得太快了。小的到现在手还是抖的……,nervous,"{""flag"": ""evt_missing_body_done""}",,,,,
agui,intro,3,lu_zhao,,,我问的是昨夜的事。你醒来时人在哪儿？,soft,"{""flag"": ""evt_missing_body_done""}",,,,,
agui,intro,4,agui,,,醒来？醒来……靠门边。油灯快灭了。,nervous,"{""flag"": ""evt_missing_body_done""}",油灯快灭了,,,,
agui,intro,5,agui,,,小的想去添油，底舱那边忽然咚了一声。就一声，闷的。,nervous,"{""flag"": ""evt_missing_body_done""}",添油;咚的一声,,,,
agui,intro,6,xia_lingyao,,,刚才堂上，他只说自己醒了一次。现在多了添油。,worried,"{""flag"": ""evt_missing_body_done""}",,,,,
agui,intro,7,lu_zhao,,,添油之前，周德茂还在舱里吗？,soft,"{""flag"": ""evt_missing_body_done""}",,,,,
agui,intro,8,agui,,,……在。应该……在的吧。小的没看太清，那灯快灭了，什么都糊糊的。,nervous,"{""flag"": ""evt_missing_body_done""}",,,,,
agui,intro,9,agui,,,小的慌了，后头的事——后头的事记不太清了。,nervous,"{""flag"": ""evt_missing_body_done""}",,,,,
agui,ask_relationship,1,agui,,,老爷待小的有恩。十六岁进门，什么都不会，都是老爷叫人教的。,nervous,"{""flag"": ""evt_missing_body_done""}",,,,,
agui,ask_relationship,2,agui,,,十二年了。小的半条命都是老爷给的。,nervous,"{""flag"": ""evt_missing_body_done""}",,,,,
agui,ask_relationship,3,agui,,,老爷说，跟着学三年就放小的出师。老爷还说，小的手脚快，做事利索，是个……是个好用的。,nervous,"{""flag"": ""evt_missing_body_done""}",,,,,
agui,ask_relationship,4,agui,,,现在老爷没了。小的……小的不知道该怎么办。,grief,"{""flag"": ""evt_missing_body_done""}",,,,,
agui,ask_relationship,5,xia_lingyao,,,"（他说""好用的""三个字时，嘴角抽了一下。不像感激。）",inner_thought,"{""flag"": ""evt_missing_body_done""}",,,,,
agui,press_alibi,1,lu_zhao,,,你不会水，落水之后怎么撑住的？,soft,"{""flag"": ""evt_missing_body_done""}",,,,,
agui,press_alibi,2,agui,,,像是抓到一块板子。黑里摸到什么就抱什么，小的哪敢挑。,nervous,"{""flag"": ""evt_missing_body_done""}",一块板子,testimony,证词记录：阿贵的生还说法,阿贵声称自己抱着一块船板漂上岸。,
agui,press_alibi,3,lu_zhao,,,那块板子……后来去哪了？,soft,"{""flag"": ""evt_missing_body_done""}",,,,,
agui,press_alibi,4,agui,,,水冲走了吧。小的醒来时，两只手都空着。,panic,"{""flag"": ""evt_missing_body_done""}",,,,,
agui,press_alibi,5,xia_lingyao,,,（他说得像做梦。可人真靠一块板子活下来，手上总该留下点擦伤。）,inner_thought,"{""flag"": ""evt_missing_body_done""}",,,,,
agui,show_dismissal,1,lu_zhao,,,这是周德茂出发前三日写的。给银二两，各不相欠。,gentle,"{""flag"": ""evt_missing_body_done""}",,,,,
agui,show_dismissal,2,agui,,,老爷说……让小的回乡。小的伺候久了，也该回去了。,nervous,"{""flag"": ""evt_missing_body_done""}",,,,,
agui,show_dismissal,3,lu_zhao,,,十二年，只写二两。你当时没说话？,soft,"{""flag"": ""evt_missing_body_done""}",,,,,
agui,show_dismissal,4,agui,,,小的不敢。老爷怎么安排，小的就怎么听。,defensive,"{""flag"": ""evt_missing_body_done""}",,,,,
agui,show_dismissal,5,xia_lingyao,,,他没抬头。可指甲一直抠着袖口……抠得布都快破了。,worried,"{""flag"": ""evt_missing_body_done""}",,,,,
agui,show_dismissal,6,lu_zhao,,,不敢算，不等于没算过吧。,gentle,"{""flag"": ""evt_missing_body_done""}",,,,,
agui,show_dismissal,7,agui,,,……陆公子这话，小的听不懂。小的说了，不敢就是不敢。,defensive,"{""flag"": ""evt_missing_body_done""}",,,,,
agui,show_bladder,1,lu_zhao,,,包袱底下有个牛皮浮囊，上船前就充好了，不是落水后临时吹的。,gentle,"{""flag"": ""evt_missing_body_done""}",,,,,
agui,show_bladder,2,agui,,,怕水的人带个保命东西，也犯法？,defensive,"{""flag"": ""evt_missing_body_done""}",,,,,
agui,show_bladder,3,xia_lingyao,,,（怕水会带浮囊。可会把它先充满，还压在衣裳最底下吗？）,inner_thought,"{""flag"": ""evt_missing_body_done""}",,,,,
agui,confession,1,lu_zhao,,,阿贵，先别哭。船底的洞、包袱里的浮囊、周德茂身上的痕迹，这些合在一起，拆了你的话。,gentle,"{""flag"": ""evt_missing_body_done""}",,,,,
agui,confession,2,agui,,,陆公子，小的真没那个胆子。,panic,"{""flag"": ""evt_missing_body_done""}",,,,,
agui,confession,3,lu_zhao,,,胆子未必是你的。但这只浮囊，是你自己藏进包袱的。,gentle,"{""flag"": ""evt_missing_body_done""}",,,,,
agui,confession,4,xia_lingyao,,,（他说怕，可他怕的都是自己会死，不是周德茂已经死了。）,inner_thought,"{""flag"": ""evt_missing_body_done""}",,,,,
agui,confession,5,lu_zhao,,,那就进堂。你慢慢说，我一件件拿给你看。,gentle,"{""flag"": ""evt_missing_body_done""}",,,,,
agui,ask_twelve_years,1,agui,,,十二年？……陆公子怎么突然问这个？,nervous,"{""flag"": ""evt_missing_body_done""}",,,,,
agui,ask_twelve_years,2,lu_zhao,,,随口问问。十二年……不短了。,casual,"{""flag"": ""evt_missing_body_done""}",,,,,
agui,ask_twelve_years,3,agui,,,……不短。,nervous,"{""flag"": ""evt_missing_body_done""}",,,,,
agui,ask_twelve_years,4,agui,,,小的十六岁进周家。什么都不会。老爷说'跟着学三年就放你出师'。,crying,"{""flag"": ""evt_missing_body_done""}",,,,,
agui,ask_twelve_years,5,lu_zhao,,,三年五年八年……出师那件事，后来没人再提过？,casual,"{""flag"": ""evt_missing_body_done""}",,,,,
agui,ask_twelve_years,6,agui,,,……不敢提。老爷说学徒的够用了。小的哪敢再开口。,nervous,"{""flag"": ""evt_missing_body_done""}",,,,,
agui,ask_twelve_years,7,agui,,,中间想走过。跟老爷说想回乡。他说'走可以，把这些年吃穿的钱还了再走'。小的哪还得起？只好继续待着。,nervous,"{""flag"": ""evt_missing_body_done""}",,,,,
agui,ask_twelve_years,8,xia_lingyao,,,……这不是卖身契？,shocked,"{""flag"": ""evt_missing_body_done""}",,,,,
agui,ask_twelve_years,9,agui,,,大约……算是吧。但小的没地方去。爹娘早没了。只有这一个主人。,grief,"{""flag"": ""evt_missing_body_done""}",,,,,
agui,ask_twelve_years,10,agui,,,前几年还好。老爷生意好的时候心情也好，偶尔给几十文赏钱。后来生意差了。骂的就多了。打也打过。,nervous,"{""flag"": ""evt_missing_body_done""}",,,,,
agui,ask_twelve_years,11,xia_lingyao,,,……他打你哪了？,worried,"{""flag"": ""evt_missing_body_done""}",,,,,
agui,ask_twelve_years,12,agui,,,小的有个相好的。隔壁村的姑娘。存了两年钱想下聘。结果钱被老爷'借走'。说是补生意上的窟窿。,grief,"{""flag"": ""evt_missing_body_done""}",,,,,
agui,ask_twelve_years,13,agui,,,那姑娘等了一年……后来嫁别人了。,grief,"{""flag"": ""evt_missing_body_done""}",,,,,
agui,ask_twelve_years,14,lu_zhao,,,……,gentle,"{""flag"": ""evt_missing_body_done""}",,,,,
agui,ask_twelve_years,14.5,lu_zhao,,,（那笔钱被借走的时候……他有没有想过跑？）,inner_thought,"{""flag"": ""evt_missing_body_done""}",,,,,
agui,ask_twelve_years,15,xia_lingyao,,,……,worried,"{""flag"": ""evt_missing_body_done""}",,,,,
agui,ask_twelve_years,16,agui,,,陆公子，小的不是好人。但小的……这十二年过的也不是人过的日子。,grief,"{""flag"": ""evt_missing_body_done""}",,,,,
agui,ask_twelve_years,17,xia_lingyao,,,（陆昭，他说到那姑娘时，先去摸袖口。怕别人看见？）,inner_thought,"{""flag"": ""evt_missing_body_done""}",,,,,
agui,ask_twelve_years,18,lu_zhao,,,嗯。恨是真的，怕也是真的。先不替他下结论。,gentle,"{""flag"": ""evt_missing_body_done""}",,,,,
fisherman_wang,intro,1,fisherman_wang,,,又来问那事啊……行，行。可我丑话说前头，这回我不把话说死了。,evasive,"{""flag"": ""evt_missing_body_done""}",,,,,
fisherman_wang,intro,2,lu_zhao,,,不要你把话说死。你只说看见了什么，没看见什么。,soft,"{""flag"": ""evt_missing_body_done""}",,,,,
fisherman_wang,intro,3,fisherman_wang,,,船头……像是有人。两个。一个高些，一个矮些。脸嘛，雾大，看不清。衣裳也糊成一团。,evasive,"{""flag"": ""evt_missing_body_done""}",一高一矮;脸看不清,,,,
fisherman_wang,intro,4,xia_lingyao,,,他刚才这话，跟在堂上说的不大一样了。先前他可是说得很肯定。,determined,"{""flag"": ""evt_missing_body_done""}",,,,,
fisherman_wang,intro,5,fisherman_wang,,,人命的事，话不能说死。说死了要出大事的。昨儿个我就……唉，不提了。,guilty,"{""flag"": ""evt_missing_body_done""}",,,,,
lao_fan,intro,1,lao_fan,,,嗐！大人您别听风就是雨，二十年老船，我翻过吗？没有嘛。石矶渡上下哪条船不认得我老范？跑江面的哪有不碰碰磕磕的，吃水的饭哪有不湿鞋嘛。,evasive,"{""flag"": ""evt_missing_body_done""}",,,,,
lao_fan,intro,2,lu_zhao,,,就从船底那一下说起吧。,soft,"{""flag"": ""evt_missing_body_done""}",,,,,
lao_fan,intro,3,lao_fan,,,那晚风大水急，浪头往船底拍，哐当一声……蹭了一下嘛。底板要补的嘛，年年补，哪条船不是这样？大人您去江上问问，谁家船不漏水？,evasive,"{""flag"": ""evt_missing_body_done""}",蹭了一下;船就裂了,testimony,证词记录：老范的撞礁说,老范声称夜船行至东汊水道后，被暗礁蹭裂船底。,
lao_fan,intro,4,xia_lingyao,,,（他说蹭了一下。可昨晚水灌得太快，不像慢慢裂开的。）,inner_thought,"{""flag"": ""evt_missing_body_done""}",,,,,
lao_fan,intro,5,lu_zhao,,,我去看看那道裂口。石头撞的和人凿的，不会一样。,gentle,"{""flag"": ""evt_missing_body_done""}",,,,,
lao_fan,press_route,1,lao_fan,,,涨水时水面高，礁石该没下去。我是看水吃饭的人，也有看走眼的时候。这能全怪我？,defensive,"{""flag"": ""evt_missing_body_done""}",涨水;判断失误,testimony,证词记录：老范的航道辩解,老范辩称水涨后礁石应当被没过，自己只是判断失误。,
lao_fan,press_route,2,xia_lingyao,,,他说看走眼，可一提东汊，眼睛就往门外瞟。,determined,"{""flag"": ""evt_missing_body_done""}",,,,,
lao_fan,press_route,3,lu_zhao,,,嗯。先弄清楚他为什么非走东汊不可。,soft,"{""flag"": ""evt_missing_body_done""}",,,,,
lao_fan,ask_rescue,1,lao_fan,,,我水性好嘛。泡了……泡了有半个时辰。江饭吃久了，水里也能咬牙熬一阵。后来有船经过，把我捞上来的。,smirk,"{""flag"": ""evt_missing_body_done""}",半个时辰,testimony,证词记录：老范获救时间,老范声称自己在水中泡了半个时辰后被人救起。,
lao_fan,ask_rescue,2,xia_lingyao,,,半个时辰？腊月的江水冷得像刀子，泡上那么久怕是早就冻硬了。陆昭，你觉得呢？,shocked,"{""flag"": ""evt_missing_body_done""}",,,,,
lao_fan,ask_rescue,3,lao_fan,,,我身体硬朗。年轻时候在江里扎猛子，冷水也扛过。,defensive,"{""flag"": ""evt_missing_body_done""}",,,,,
lao_fan,ask_rescue,4,lu_zhao,,,好。那咱们按码头登记的时辰来对。,gentle,"{""flag"": ""evt_missing_body_done""}",,,,,
lao_fan,ask_rescue,5,lu_zhao,,,半个时辰和一刻钟，差得足够让一个人从落水，变成先上岸等着。,soft,"{""flag"": ""evt_missing_body_done""}",,,,,
lao_fan,show_hull,1,lao_fan,,,修……修过？嗐！哪条船不修呢？船跑久了要捻缝补板，年年捻年年补，大人您去船帮打听打听，这都是常事嘛。二十年了，不修能跑？那不得散架嘛。,nervous,"{""flag"": ""evt_missing_body_done""}",,,,,
lao_fan,show_hull,2,lao_fan,,,翻船之前动它干嘛？吃水的饭，自己砸自己饭碗？我又不是疯了。那不是礁石还能是什么嘛。,defensive,"{""flag"": ""evt_missing_body_done""}",,,,,
lao_fan,show_hull,3,xia_lingyao,,,"（先说没动过，又拿""常修船""挡。这两句……）",inner_thought,"{""flag"": ""evt_missing_body_done""}",,,,,
lao_fan,show_hull,4,lu_zhao,,,船上有捻凿和桐油。翻船前后，碰过船底的人，还有谁？,soft,"{""flag"": ""evt_missing_body_done""}",,,,,
lao_fan,show_hull,5,lao_fan,,,捻凿？桐油？大人，船家船上有个修船物件那叫稀奇？那叫本分嘛！您要说我动过船底，总得拿准是哪一道痕……那底板上补丁多了去了嘛。,defensive,"{""flag"": ""evt_missing_body_done""}",,,,,
lao_fan,show_hull,6,lu_zhao,,,好。那就看洞边的凿痕和钉眼，不看口气。,gentle,"{""flag"": ""evt_missing_body_done""}",,,,,
lao_fan,show_iou,1,lao_fan,,,手头紧？嗐！这话说的……跑船的人哪天不紧巴？日子嘛，凑合过呗。,defensive,"{""flag"": ""evt_missing_body_done""}",,,,,
lao_fan,show_iou,2,lao_fan,,,跑船嘛，有时多赚有时少赚……年关难过，水浅船沉，谁家不紧巴？,nervous,"{""flag"": ""evt_missing_body_done""}",,,,,
lao_fan,show_iou,3,xia_lingyao,,,四十二两……腊月底还不上就断指。这不是年关难过，是要命。,determined,"{""flag"": ""evt_missing_body_done""}",,,,,
lao_fan,show_iou,4,lu_zhao,,,四十二两，有人拿这笔债来找过你吧？,soft,"{""flag"": ""evt_missing_body_done""}",,,,,
lao_fan,show_iou,5,lao_fan,,,没人兜底。我自己欠的债，自己认。陆公子别把什么事都往别人身上扯。,defensive,"{""flag"": ""evt_missing_body_done""}",,,,,
lao_fan,ask_gambling_story,1,lao_fan,,,……你问这个干嘛。跟案子有关系？,defensive,"{""flag"": ""evt_missing_body_done""}",,,,,
lao_fan,ask_gambling_story,2,lu_zhao,,,二十年老船家……是怎么沾上赌的？,soft,"{""flag"": ""evt_missing_body_done""}",,,,,
lao_fan,ask_gambling_story,3,lao_fan,,,……嗐。说来话长。,dismissive,"{""flag"": ""evt_missing_body_done""}",,,,,
lao_fan,ask_gambling_story,4,lao_fan,,,那死鬼崽子要是还在……嗐，说这干啥。,nervous,"{""flag"": ""evt_missing_body_done""}",,,,,
lao_fan,ask_gambling_story,5,lao_fan,,,那年冬月，孩子发热烧得直说胡话，药铺要二两银子才肯抓药。我跑了一整天，一分没借到。,nervous,"{""flag"": ""evt_missing_body_done""}",,,,,
lao_fan,ask_gambling_story,6,lao_fan,,,"回船时候码头边有人递话，""范老哥，急用银子？我认识个门路。""",nervous,"{""flag"": ""evt_missing_body_done""}",,,,,
lao_fan,ask_gambling_story,7,lao_fan,,,嗐！我那会儿想都没想就跟去了，想着赢了药钱就收手。谁知道那是个无底洞……,cornered,"{""flag"": ""evt_missing_body_done""}",,,,,
lao_fan,ask_gambling_story,8,lu_zhao,,,从借钱救急到欠四十二两，这中间，是谁牵的线？,soft,"{""flag"": ""evt_missing_body_done""}",,,,,
lao_fan,ask_gambling_story,9,lao_fan,,,二两变五两，五两变十两……等我还不上，还是那帮人，又凑上来说可以借。,cornered,"{""flag"": ""evt_missing_body_done""}",,,,,
lao_fan,ask_gambling_story,10,xia_lingyao,,,（……孩子后来怎样了？）,inner_thought,"{""flag"": ""evt_missing_body_done""}",,,,,
lao_fan,ask_gambling_story,11,lao_fan,,,到头来四十二两。那死鬼崽子……也没等到那副药。,cornered,"{""flag"": ""evt_missing_body_done""}",,,,,
lao_fan,ask_gambling_story,11.5,lu_zhao,,,（……这个烂摊子，不是他一个人造的。）,inner_thought,"{""flag"": ""evt_missing_body_done""}",,,,,
lao_fan,ask_gambling_story,12,lao_fan,,,吃水的饭哪有不湿鞋的……嗐。,cornered,"{""flag"": ""evt_missing_body_done""}",,,,,
lao_fan,press_shen_connection,1,lu_zhao,,,阿贵已经招了。老范，你这边也该把中间人说清楚了。,gentle,"{""flag"": ""evt_missing_body_done""}",,,,,
lao_fan,press_shen_connection,2,lu_zhao,,,找你的人，是个做药材生意的姑娘。对吧？,soft,"{""flag"": ""evt_missing_body_done""}",,,,,
lao_fan,press_shen_connection,3,narrator,,,烟杆从嘴边落了下来。整个人僵住。,,"{""flag"": ""evt_missing_body_done""}",,,,,
lao_fan,press_shen_connection,4,lao_fan,,,……陆公子都知道了？,cornered,"{""flag"": ""evt_missing_body_done""}",,,,,
lao_fan,press_shen_connection,5,lu_zhao,,,她是怎么找上你的？开的什么条件？,soft,"{""flag"": ""evt_missing_body_done""}",,,,,
lao_fan,press_shen_connection,7,lao_fan,,,……是她先来的。她把我那张欠条放在桌上，说有门生意，做完了赌债一笔勾销。,cornered,"{""flag"": ""evt_missing_body_done""}",,,,,
lao_fan,press_shen_connection,8,lao_fan,,,我问什么生意。她说'把船弄沉就行。其他的不用管。你水性好，淹不死你。'……她连我水性好都查过了。,cornered,"{""flag"": ""evt_missing_body_done""}",,,,,
lao_fan,press_shen_connection,9,lao_fan,,,我……我当时被逼急了。年底不还钱赌坊说要断指……,cornered,"{""flag"": ""evt_missing_body_done""}",,,,,
lao_fan,press_shen_connection,10,xia_lingyao,,,（她连老范哪条水熟，都先问清了……）,inner_thought,"{""flag"": ""evt_missing_body_done""}",,,,,
lao_fan,press_shen_connection,11,lu_zhao,,,你能认出她来吗？,soft,"{""flag"": ""evt_missing_body_done""}",,,,,
lao_fan,press_shen_connection,12,lao_fan,,,高个子。穿劲装。说话利索。像是做过生意的人。,cornered,"{""flag"": ""evt_missing_body_done""}",,,,,
lao_fan,press_shen_connection,13,lu_zhao,,,……沈清月。,gentle,"{""flag"": ""evt_missing_body_done""}",,,,,
li_zheng,intro,1,li_zheng,,,哎呀……大人……不，这位公子……小人也是夹在门缝里做人嘛。周氏那边哭着要凶手，县里头天天催交代，渡口的伙计们又怕惹事上身……小人这碗里水，端不稳啊。,nervous,"{""flag"": ""evt_missing_body_done""}",,,,,
li_zheng,intro,2,li_zheng,,,这个嘛……王大爷他老人家说是瞧见了。王大爷那人，在渡口几十年了，总不能……不过嘛，小人也是听说的，具体情形小人没在场，不敢乱讲。,nervous,"{""flag"": ""evt_missing_body_done""}",,,,,
li_zheng,intro,3,li_zheng,,,要说嘛，能说的自然说。只是有些话，平日里当闲谈讲讲无妨，真要落进案卷里，那可是要压死人的嘛。,sighing,"{""flag"": ""evt_missing_body_done""}",,,,,
li_zheng,intro,4,xia_lingyao,,,（他怕写错，也怕不写。）,inner_thought,"{""flag"": ""evt_missing_body_done""}",,,,,
li_zheng,ask_reef,1,li_zheng,,,哎呀，这个嘛……那片礁石嘛，小人从小在这儿长大的，连三岁小孩都知道要绕着走。不过嘛，小人也是听老一辈说的，说那底下吃过不少人……唉，这话不好说，不好说。,gossip,"{""flag"": ""evt_missing_body_done""}",连小孩儿都知道,testimony,证词记录：暗礁是常识,钱里正确认东汊暗礁是本地常识，老范这样的老船家不可能不知道。,
li_zheng,ask_reef,2,li_zheng,,,涨水了也不保险。石头尖的很，水面下照样能把船底划烂。,gossip,"{""flag"": ""evt_missing_body_done""}",,,,,
li_zheng,ask_reef,3,xia_lingyao,,,老范跑这条江二十年，真会不知道？,anxious,"{""flag"": ""evt_missing_body_done""}",,,,,
li_zheng,ask_reef,4,lu_zhao,,,他知道。只是昨夜还是把船带过去了。,gentle,"{""flag"": ""evt_missing_body_done""}",,,,,
li_zheng,ask_recent_strangers,1,li_zheng,,,异常嘛……嗯，这个不知道算不算。,nervous,"{""flag"": ""evt_missing_body_done""}",,,,,
li_zheng,ask_recent_strangers,2,li_zheng,,,半个月前吧。有个外地来的人在渡口打听事儿。穿得挺体面。长衫马褂，像个读书人。,gossip,"{""flag"": ""evt_missing_body_done""}",,,,,
li_zheng,ask_recent_strangers,3,lu_zhao,,,打听什么？,curious,"{""flag"": ""evt_missing_body_done""}",,,,,
li_zheng,ask_recent_strangers,4,li_zheng,,,打听水路。问哪条航道夜里走、什么船什么时辰开。还问了。常走这条路的商客有哪些。,gossip,"{""flag"": ""evt_missing_body_done""}",,,,,
li_zheng,ask_recent_strangers,5,lu_zhao,,,他是什么人？,soft,"{""flag"": ""evt_missing_body_done""}",,,,,
li_zheng,ask_recent_strangers,6,li_zheng,,,说是南京来的。做茶叶生意。名号嘛……小人不太记得了。姓。好像姓顾？还是姓谷？反正文绉绉的。,evasive,"{""flag"": ""evt_missing_body_done""}",南京来的,,,,
li_zheng,ask_recent_strangers,7,xia_lingyao,,,（半个月前打听水路和常客，刚好卡在周德茂收到信的前头……）,inner_thought,"{""flag"": ""evt_missing_body_done""}",,,,,
li_zheng,ask_recent_strangers,8,lu_zhao,,,后来呢？,curious,"{""flag"": ""evt_missing_body_done""}",,,,,
li_zheng,ask_recent_strangers,9,li_zheng,,,待了两三天就走了。小人也没多想。过路的商人来打听行情嘛，正常。,evasive,"{""flag"": ""evt_missing_body_done""}",,,,,
li_zheng,ask_recent_strangers,10,lu_zhao,,,先是有人打听航道，半个月后周德茂就收到了南京来的信。,gentle,"{""flag"": ""evt_missing_body_done""}",,,,,
li_zheng,ask_recent_strangers,11,xia_lingyao,,,（他莫非是在挑哪条船、哪一夜最好下手？）,inner_thought,"{""flag"": ""evt_missing_body_done""}",,,,,
shen_qingyue,intro,1,shen_qingyue,,,周德茂欠我三十八两。前天我在码头拦过他，这事我不躲。,cooperative,"{""flag"": ""evt_missing_body_done""}",,,,,
shen_qingyue,intro,2,lu_zhao,,,你堵他，是为讨债。,gentle,"{""flag"": ""evt_missing_body_done""}",,,,,
shen_qingyue,intro,3,shen_qingyue,,,不然呢？药材行要周转，我爹等着钱抓药，账期到了，我不追，难道等大明律替我补这个窟窿？,sharp,"{""flag"": ""evt_missing_body_done""}",,,,,
shen_qingyue,intro,4,lu_zhao,,,可他死了……你一文也收不回来。,soft,"{""flag"": ""evt_missing_body_done""}",,,,,
shen_qingyue,intro,5,shen_qingyue,,,可不是。人活着，账还能慢慢磨；人一沉江，欠条攥在手里也换不回银子。陆公子问吧，我也想知道是谁把我这笔生意一并搅黄了。,cooperative,"{""flag"": ""evt_missing_body_done""}",,,,,
shen_qingyue,intro,6,xia_lingyao,,,她说得又快又直，句句都落在账上，不落在恨上。,worried,"{""flag"": ""evt_missing_body_done""}",,,,,
shen_qingyue,ask_quarrel,1,shen_qingyue,,,我原话是，今天总得给我个准日子，不然这船他上得也不安稳。码头边卖茶的都听见了。,sharp,"{""flag"": ""evt_missing_body_done""}",,,,,
shen_qingyue,ask_quarrel,2,lu_zhao,,,这话听着……有点威胁的意思。,casual,"{""flag"": ""evt_missing_body_done""}",,,,,
shen_qingyue,ask_quarrel,3,shen_qingyue,,,讨债的话本来就不中听。我要是真想害他，会挑二十多双眼睛前先吵一场？,sharp,"{""flag"": ""evt_missing_body_done""}",,,,,
shen_qingyue,ask_quarrel,4,xia_lingyao,,,她答得好顺，一口气都没歇。,worried,"{""flag"": ""evt_missing_body_done""}",,,,,
shen_qingyue,ask_quarrel,5,lu_zhao,,,吵完之后呢？,soft,"{""flag"": ""evt_missing_body_done""}",,,,,
shen_qingyue,ask_quarrel,6,shen_qingyue,,,他说明早到武昌先兑银，三日内给我。说完就让阿贵搬箱子上船。,cooperative,"{""flag"": ""evt_missing_body_done""}",,,,,
shen_qingyue,ask_quarrel,7,lu_zhao,,,你连阿贵搬箱子都留意到了。,casual,"{""flag"": ""evt_missing_body_done""}",,,,,
shen_qingyue,ask_quarrel,8,shen_qingyue,,,债主盯欠债人的箱子，不奇怪吧。,sharp,"{""flag"": ""evt_missing_body_done""}",,,,,
shen_qingyue,ask_alibi,1,shen_qingyue,,,船离岸后，我就回客栈了。那晚冷，我还让伙计送过热水。,cooperative,"{""flag"": ""evt_missing_body_done""}",回客栈睡觉,testimony,证词记录：沈清月的不在场证明,沈清月声称案发当夜看周德茂上船后即返回客栈休息。,
shen_qingyue,ask_alibi,2,lu_zhao,,,伙计能给你作证吗？,soft,"{""flag"": ""evt_missing_body_done""}",,,,,
shen_qingyue,ask_alibi,3,shen_qingyue,,,他若没睡熟，该能记得。记不得，也不能反过来说我没回。,sharp,"{""flag"": ""evt_missing_body_done""}",,,,,
shen_qingyue,ask_alibi,4,xia_lingyao,,,（她不肯给准时辰……那个时辰，还是缺着。）,inner_thought,"{""flag"": ""evt_missing_body_done""}",,,,,
shen_qingyue,ask_alibi,5,lu_zhao,,,你说船离岸后就走了，这句我先记下。,gentle,"{""flag"": ""evt_missing_body_done""}",,,,,
shen_qingyue,ask_fan_connection,1,shen_qingyue,,,老范替我送过两回药箱。码头船家嘛，认得脸很平常。,cooperative,"{""flag"": ""evt_missing_body_done""}",,,,,
shen_qingyue,ask_fan_connection,2,lu_zhao,,,我问的不是送药，是私下有没有聊过别的？,soft,"{""flag"": ""evt_missing_body_done""}",,,,,
shen_qingyue,ask_fan_connection,3,shen_qingyue,,,码头上说话不叫私下。问船价，问雨势，问哪条路快，这些谁都会问。,deflecting,"{""flag"": ""evt_missing_body_done""}",,,,,
shen_qingyue,ask_fan_connection,4,xia_lingyao,,,（她答得好快……）,inner_thought,"{""flag"": ""evt_missing_body_done""}",,,,,
shen_qingyue,ask_fan_connection,5,lu_zhao,,,老范欠赌债的事，你是从哪儿听来的？,soft,"{""flag"": ""evt_missing_body_done""}",,,,,
shen_qingyue,ask_fan_connection,6,shen_qingyue,,,赌坊讨债能闹半条街，想不听见都难。,sharp,"{""flag"": ""evt_missing_body_done""}",,,,,
shen_qingyue,ask_father,1,narrator,,,她看见药账的一瞬间，指尖压住了袖口。只一下，很快又松开。,,"{""flag"": ""evt_missing_body_done""}",,,,,
shen_qingyue,ask_father,2,lu_zhao,,,八十两药钱。账上只剩四十二两。,soft,"{""flag"": ""evt_missing_body_done""}",,,,,
shen_qingyue,ask_father,3,shen_qingyue,,,家里病人等药，铺子还要开门。我缺钱，不等于我会杀人。,cold_smile,"{""flag"": ""evt_missing_body_done""}",,,,,
shen_qingyue,ask_father,4,lu_zhao,,,周德茂欠你三十八两……刚好补这个缺。,soft,"{""flag"": ""evt_missing_body_done""}",,,,,
shen_qingyue,ask_father,5,shen_qingyue,,,所以我更该让他活着还。死人不会拿银票出门。,sharp,"{""flag"": ""evt_missing_body_done""}",,,,,
shen_qingyue,ask_father,6,xia_lingyao,,,她这句接得快。可提到账上只剩四十二两时，她先按了袖口。,determined,"{""flag"": ""evt_missing_body_done""}",,,,,
shen_qingyue,press_dock_timing,1,lu_zhao,,,你说船离岸后就回了客栈。可有人看见，船开出去一刻钟，你还在码头。,gentle,"{""flag"": ""evt_missing_body_done""}",,,,,
shen_qingyue,press_dock_timing,2,shen_qingyue,,,夜里雾重。高个子的女人，也不只我一个。,deflecting,"{""flag"": ""evt_missing_body_done""}",,,,,
shen_qingyue,press_dock_timing,3,lu_zhao,,,那人穿男装，站的位置，就是你先前堵周德茂的地方。,soft,"{""flag"": ""evt_missing_body_done""}",,,,,
shen_qingyue,press_dock_timing,4,shen_qingyue,,,债没讨到，我站一会儿吹风，不行吗？,sharp,"{""flag"": ""evt_missing_body_done""}",,,,,
shen_qingyue,press_dock_timing,5,xia_lingyao,,,她把回客栈，改成了站一会儿。,determined,"{""flag"": ""evt_missing_body_done""}",,,,,
shen_qingyue,press_dock_timing,6,lu_zhao,,,那……一会儿之后呢？往客栈，还是往下游？,soft,"{""flag"": ""evt_missing_body_done""}",,,,,
shen_qingyue,press_dock_timing,7,shen_qingyue,,,……往客栈。,cracking,"{""flag"": ""evt_missing_body_done""}",,,,,
shen_qingyue,press_salvage,1,lu_zhao,,,沈姑娘，天亮之前，下游浅滩留下来打捞的痕迹。,gentle,"{""flag"": ""evt_missing_body_done""}",,,,,
shen_qingyue,press_salvage,2,shen_qingyue,,,……所以？跟我有什么关系？,sharp,"{""flag"": ""evt_missing_body_done""}",,,,,
shen_qingyue,press_salvage,3,lu_zhao,,,浅滩芦苇新折，水边有长竿划痕，还有重物拖上岸又搬走的压痕。,soft,"{""flag"": ""evt_missing_body_done""}",,,,,
shen_qingyue,press_salvage,4,shen_qingyue,,,那片浅滩谁都能踩。江边不是沈家的后院。,deflecting,"{""flag"": ""evt_missing_body_done""}",,,,,
shen_qingyue,press_salvage,5,lu_zhao,,,你说你在睡觉。可那处痕迹只可能是天亮前留下的，你那晚的去向，正好缺了这一段。,gentle,"{""flag"": ""evt_missing_body_done""}",,,,,
shen_qingyue,press_salvage,5.1,lu_zhao,,,等等。,soft,"{""flag"": ""evt_missing_body_done""}",,,,,
shen_qingyue,press_salvage,5.2,lu_zhao,,,我没说芦苇丛。,gentle,"{""flag"": ""evt_missing_body_done""}",,,,,
shen_qingyue,press_salvage,6,shen_qingyue,,,……那一带草深。,cracking,"{""flag"": ""evt_missing_body_done""}",,,,,
shen_qingyue,press_salvage,6.1,xia_lingyao,,,她停了。只有一下。,determined,"{""flag"": ""evt_missing_body_done""}",,,,,
shen_qingyue,press_salvage,6.2,lu_zhao,,,石矶渡下游的浅滩，多数是泥滩。你去过那里，才知道长着芦苇。,gentle,"{""flag"": ""evt_missing_body_done""}",,,,,
shen_qingyue,press_salvage,7,xia_lingyao,,,她嘴上说不是自己……可你看她的手，刚才还松着，现在死死扣着扶手。,determined,"{""flag"": ""evt_missing_body_done""}",,,,,
shen_qingyue,press_salvage,8,xia_lingyao,,,（镖局走水路看漂痕，东西会往哪儿靠，可不是吹一夜风就能看明白的……）,inner_thought,"{""flag"": ""evt_missing_body_done""}",,,,,
shen_qingyue,press_salvage,9,lu_zhao,,,我现在只问这一处：你怎么知道那片是芦苇，不是泥滩？,gentle,"{""flag"": ""evt_missing_body_done""}",,,,,
shen_qingyue,press_connection,1,lu_zhao,,,老范说了，找他的人是做药材的姑娘。,soft,"{""flag"": ""evt_missing_body_done""}",,,,,
shen_qingyue,press_connection,2,narrator,,,她脸上的笑一下收住了。过了一瞬，才又重新笑起来。,,"{""flag"": ""evt_missing_body_done""}",,,,,
shen_qingyue,press_connection,3,shen_qingyue,,,他这样说了？有意思。赌鬼急了，逮谁都敢攀。陆公子也信？,cold_fury,"{""flag"": ""evt_missing_body_done""}",,,,,
shen_qingyue,press_connection,4,lu_zhao,,,你把手放下来了。,casual,"{""flag"": ""evt_missing_body_done""}",,,,,
shen_qingyue,press_connection,5,lu_zhao,,,老范说找他的姑娘做药材。阿贵说有人教他凿船。你刚才听见这两句，把手放下来了。,gentle,"{""flag"": ""evt_missing_body_done""}",,,,,
shen_qingyue,press_connection,6,shen_qingyue,,,……,cracking,"{""flag"": ""evt_missing_body_done""}",,,,,
shen_qingyue,press_connection,7,narrator,,,沉默了整整五息。然后她慢慢地。把一直抱着的双臂放了下来。,,"{""flag"": ""evt_missing_body_done""}",,,,,
shen_qingyue,press_connection,8,shen_qingyue,,,陆公子。你是来问话的，还是已经把判词写在袖子里了？,cold_fury,"{""flag"": ""evt_missing_body_done""}",,,,,
shen_qingyue,press_connection,9,xia_lingyao,,,她……怎么突然不笑了？,anxious,"{""flag"": ""evt_missing_body_done""}",,,,,
shen_qingyue,confession_trigger,1,lu_zhao,,,沈姑娘，堂上说吧。,gentle,"{""flag"": ""evt_missing_body_done""}",,,,,
shen_qingyue,confession_trigger,2,lu_zhao,,,老范的债，阿贵的浮囊，码头那一刻钟，下游浅滩的脚印，我都会一件件摆出来。,gentle,"{""flag"": ""evt_missing_body_done""}",,,,,
shen_qingyue,confession_trigger,3,narrator,,,她看了看门外。雨水顺着檐角滴下，半晌才落一滴。,,"{""flag"": ""evt_missing_body_done""}",,,,,
shen_qingyue,confession_trigger,4,shen_qingyue,,,陆公子，问得倒细。,cold_smile,"{""flag"": ""evt_missing_body_done""}",,,,,
shen_qingyue,confession_trigger,5,shen_qingyue,,,不过陆公子，县衙落笔，不靠你觉得我像。,cold_fury,"{""flag"": ""evt_missing_body_done""}",,,,,
shen_qingyue,confession_trigger,6,xia_lingyao,,,她刚才看你的眼神，好冷。,shocked,"{""flag"": ""evt_missing_body_done""}",,,,,
shen_qingyue,confession_trigger,7,lu_zhao,,,那就让她等着听完。,gentle,"{""flag"": ""evt_missing_body_done""}",,,,,
zhou_wife,ask_agui,1,zhou_wife,,,阿贵跟了老爷十二年。以前贴春联，左联贴歪了，他能撕下来重贴三遍。,trembling,"{""flag"": ""evt_missing_body_done""}",,,,,
zhou_wife,ask_agui,2,zhou_wife,,,这两年不一样了。老爷嫌他慢，茶碗摔在他脚边，他也只蹲下去捡……唉，我多嘴了。,sighing,"{""flag"": ""evt_missing_body_done""}",,,,,
zhou_wife,ask_agui,3,zhou_wife,,,上船前，老爷还说到了武昌就打发他走。,suspicious,"{""flag"": ""evt_missing_body_done""}",,,,,
zhou_wife,ask_agui,4,lu_zhao,,,打发走，给多少？,soft,"{""flag"": ""evt_missing_body_done""}",,,,,
zhou_wife,ask_agui,5,zhou_wife,,,字据在桌上。二两。,silent,"{""flag"": ""evt_missing_body_done""}",二两,testimony,证词记录：阿贵被遣散,周氏证实周德茂准备到武昌后遣散阿贵，遣散银只有二两。,
zhou_wife,ask_agui,6,xia_lingyao,,,她说二两时自己都停了一下。,worried,"{""flag"": ""evt_missing_body_done""}",,,,,
zhou_wife,ask_agui,7,lu_zhao,,,十二年，临走只给二两……他心里不会没东西。,soft,"{""flag"": ""evt_missing_body_done""}",,,,,
zhou_wife,ask_swimming,1,zhou_wife,,,会。他年轻时常跟船跑货，落水也能自己扒上岸。,trembling,"{""flag"": ""evt_missing_body_done""}",会水,testimony,证词记录：死者水性尚可,周氏确认周德茂水性尚可，年轻时常跟船跑货，普通落水不至于立刻溺亡。,
zhou_wife,ask_swimming,2,zhou_wife,,,这几年身子重了些，可水性没丢。他还总说，跑买卖的人不能怕水。,trembling,"{""flag"": ""evt_missing_body_done""}",,,,,
zhou_wife,ask_swimming,3,lu_zhao,,,那昨晚，按说不该这么快沉下去。,curious,"{""flag"": ""evt_missing_body_done""}",,,,,
zhou_wife,ask_swimming,4,zhou_wife,,,对。所以我才不信是意外。老爷会水，老范更会水，偏偏只有老爷死了。,suspicious,"{""flag"": ""evt_missing_body_done""}",,,,,
zhou_wife,ask_swimming,5,xia_lingyao,,,（会水的人……没扒上来。）,inner_thought,"{""flag"": ""evt_missing_body_done""}",,,,,
zhou_wife,ask_swimming,6,lu_zhao,,,记下了。他会水，却没能上岸。,gentle,"{""flag"": ""evt_missing_body_done""}",,,,,
zhou_wife,ask_why_night_ferry,1,lu_zhao,,,你丈夫平日不赶夜船，这回为什么急？,soft,"{""flag"": ""evt_missing_body_done""}",,,,,
zhou_wife,ask_why_night_ferry,2,zhou_wife,,,出发前两天，他收到一封南京来的信。,suspicious,"{""flag"": ""evt_missing_body_done""}",,,,,
zhou_wife,ask_why_night_ferry,3,zhou_wife,,,信上说武昌有一批棉布，转到南京能翻价。还催他夜里走，误了时辰就换别人。,suspicious,"{""flag"": ""evt_missing_body_done""}",南京来的信,testimony,证词记录：南京来信,周氏说周德茂出发前两天收到一封南京来信，称有大买家急需棉布，催他先赴武昌提货再转运南京。这促使他改坐夜船赶路。,
zhou_wife,ask_why_night_ferry,4,lu_zhao,,,署名呢？是谁？,soft,"{""flag"": ""evt_missing_body_done""}",,,,,
zhou_wife,ask_why_night_ferry,5,zhou_wife,,,没有。只写故友知会。字倒工整，工整得不像跑买卖的人写的。,suspicious,"{""flag"": ""evt_missing_body_done""}",,,,,
zhou_wife,ask_why_night_ferry,6,xia_lingyao,,,（他缺这笔生意，信又赶在那个时辰……随手寄的？）,inner_thought,"{""flag"": ""evt_missing_body_done""}",,,,,
zhou_wife,ask_why_night_ferry,7,lu_zhao,,,那封信……随他上船了？,soft,"{""flag"": ""evt_missing_body_done""}",,,,,
zhou_wife,ask_why_night_ferry,8,zhou_wife,,,是。他贴身收着。现在也许在江里，也许不在了。,silent,"{""flag"": ""evt_missing_body_done""}",,,,,
zhou_wife,react_murder_confirmed,1,lu_zhao,,,周氏，你丈夫的船底，有一个被凿出来的洞。,gentle,"{""flag"": ""evt_missing_body_done""}",,,,,
zhou_wife,react_murder_confirmed,2,lu_zhao,,,不是意外。是有人故意的。,gentle,"{""flag"": ""evt_missing_body_done""}",,,,,
zhou_wife,react_murder_confirmed,3,narrator,,,周氏全身僵住。手里的帕子掉在地上，她没去捡。,,"{""flag"": ""evt_missing_body_done""}",,,,,
zhou_wife,react_murder_confirmed,4,lu_zhao,,,我不会骗你。,gentle,"{""flag"": ""evt_missing_body_done""}",,,,,
zhou_wife,react_murder_confirmed,5,zhou_wife,,,我就知道不是意外。老爷他……,grief,"{""flag"": ""evt_missing_body_done""}",,,,,
zhou_wife,react_murder_confirmed,6,zhou_wife,,,……求您。一定要查清楚。,grief,"{""flag"": ""evt_missing_body_done""}",,,,,
zhou_wife,react_murder_confirmed,7,xia_lingyao,,,她哭了。这种哭法不是假的。陆昭，她是真的不知道。,grief,"{""flag"": ""evt_missing_body_done""}",,,,,
zhou_wife,react_murder_confirmed,8,lu_zhao,,,……,worried,"{""flag"": ""evt_missing_body_done""}",,,,,
zhou_wife,react_agui_confessed,1,lu_zhao,,,周氏。阿贵认了。船底是他凿的。,gentle,"{""flag"": ""evt_missing_body_done""}",,,,,
zhou_wife,react_agui_confessed,2,zhou_wife,,,阿贵。他跟了老爷十二年。,shocked,"{""flag"": ""evt_missing_body_done""}",,,,,
zhou_wife,react_agui_confessed,3,zhou_wife,,,十二年啊。吃一口锅里的饭、睡一个屋檐下。他怎么下得去手？,shocked,"{""flag"": ""evt_missing_body_done""}",,,,,
zhou_wife,react_agui_confessed,4,lu_zhao,,,二两银子。十二年。,gentle,"{""flag"": ""evt_missing_body_done""}",,,,,
zhou_wife,react_agui_confessed,5,zhou_wife,,,二两……是少了点。可也不至于……唉，我也不知道该怎么说。,grief,"{""flag"": ""evt_missing_body_done""}",,,,,
zhou_wife,react_agui_confessed,6,lu_zhao,,,他背后还有人，是别人教他做的。,gentle,"{""flag"": ""evt_missing_body_done""}",,,,,
zhou_wife,react_agui_confessed,7,zhou_wife,,,还有人？！谁？！,interrogating,"{""flag"": ""evt_missing_body_done""}",,,,,
zhou_wife,react_agui_confessed,8,lu_zhao,,,还在查！会有结果的！,determined,"{""flag"": ""evt_missing_body_done""}",,,,,
zhou_wife,react_agui_confessed,9,xia_lingyao,,,她不光是恨……还有伤心。贴对联的人，亲手凿了她丈夫的船。,worried,"{""flag"": ""evt_missing_body_done""}",,,,,
fisherman_wang,ask_channel,1,fisherman_wang,,,东汊。那条水，面上看着乖，底下全是石头牙子。,evasive,"{""flag"": ""evt_missing_body_done""}",东汊,,,,
fisherman_wang,ask_channel,2,fisherman_wang,,,本地摇桨的，闭着眼都绕开走。涨水也不中，石头尖尖就藏在水皮底下，看不见。,evasive,"{""flag"": ""evt_missing_body_done""}",,,,,
fisherman_wang,ask_channel,3,lu_zhao,,,老范跑了二十年，不会不知道吧。,soft,"{""flag"": ""evt_missing_body_done""}",,,,,
fisherman_wang,ask_channel,4,fisherman_wang,,,他敢说不知道？我把这张老脸按江里给他洗眼睛。,angry,"{""flag"": ""evt_missing_body_done""}",,,,,
fisherman_wang,ask_channel,5,xia_lingyao,,,（失误？这种失误？）,inner_thought,"{""flag"": ""evt_missing_body_done""}",,,,,
fisherman_wang,ask_meeting,1,fisherman_wang,,,前一晚……嗯，那天我也收了夜网来着。,evasive,"{""flag"": ""evt_missing_body_done""}",,,,,
fisherman_wang,ask_meeting,2,fisherman_wang,,,路过码头那会儿，瞧见两个人蹲在角角里。黑乎乎的，嘀嘀咕咕的。,evasive,"{""flag"": ""evt_missing_body_done""}",,,,,
fisherman_wang,ask_meeting,3,lu_zhao,,,他们说了什么？,soft,"{""flag"": ""evt_missing_body_done""}",,,,,
fisherman_wang,ask_meeting,4,fisherman_wang,,,一个高，一个矮。高的那个……像是那仆从，腰板挺得直。矮的呢，精瘦精瘦，像是撑船的。,evasive,"{""flag"": ""evt_missing_body_done""}",,,,,
fisherman_wang,ask_meeting,5,lu_zhao,,,你确定，高个的是阿贵？,soft,"{""flag"": ""evt_missing_body_done""}",,,,,
fisherman_wang,ask_meeting,5.1,xia_lingyao,,,那晚他们说了什么？声音大不大？,anxious,"{""flag"": ""evt_missing_body_done""}",,,,,
fisherman_wang,ask_meeting,5.2,fisherman_wang,,,……没听着。就是远远瞅了一眼。,evasive,"{""flag"": ""evt_missing_body_done""}",,,,,
fisherman_wang,ask_meeting,5.3,xia_lingyao,,,对不住，问急了。,worried,"{""flag"": ""evt_missing_body_done""}",,,,,
fisherman_wang,ask_meeting,6,fisherman_wang,,,那会儿没往心里去。第二天听说出了事，才咂摸过来。,evasive,"{""flag"": ""evt_missing_body_done""}",,,,,
fisherman_wang,ask_meeting,7,xia_lingyao,,,（案发前一晚两个人鬼鬼祟祟地说话，这时间，未免也太巧了。）,inner_thought,"{""flag"": ""evt_missing_body_done""}",,,,,
fisherman_wang,trust,1,fisherman_wang,,,一辈子都在这江上。夜里水是什么响动，我闭着眼都听得出来。,evasive,"{""flag"": ""evt_missing_body_done""}",,,,,
fisherman_wang,trust,2,fisherman_wang,,,死在水里的，见多了。有的是真遭了事，有的一看就不对劲。,evasive,"{""flag"": ""evt_missing_body_done""}",,,,,
fisherman_wang,trust,3,lu_zhao,,,有些是命，有些不是……你看到了什么？,soft,"{""flag"": ""evt_missing_body_done""}",,,,,
fisherman_wang,trust,4,fisherman_wang,,,那天夜里……扑腾的声儿不对。四十年了，我听水听惯了。人真掉水里，手是乱拍的，啪啪啪的，急得很。那声儿，不像。,evasive,"{""flag"": ""evt_missing_body_done""}",,,,,
fisherman_wang,trust,5,lu_zhao,,,谁？谁让你别管的？,soft,"{""flag"": ""evt_missing_body_done""}",,,,,
fisherman_wang,trust,6,fisherman_wang,,,有人跟我说，别多管闲事。还往我船上扔了两条鱼，说什么谢礼。放他娘的屁。我老王打了一辈子鱼，没收过这种黑心东西。杀了人，就该偿命。,angry,"{""flag"": ""evt_missing_body_done""}",,,,,
fisherman_wang,trust,7,lu_zhao,,,谢了。,gentle,"{""flag"": ""evt_missing_body_done""}",,,,,
fisherman_wang,ask_dawn_sighting,1,fisherman_wang,,,天还没亮呢。鸡叫头遍那会儿。我在下游浅滩收网，瞅见芦苇倒了一大片。,evasive,"{""flag"": ""evt_missing_body_done""}",,,,,
fisherman_wang,ask_dawn_sighting,2,fisherman_wang,,,水边上……有竿子戳过的印子，还有拖东西上来的泥印子。新的，不像是白天弄的。,evasive,"{""flag"": ""evt_missing_body_done""}",,,,,
fisherman_wang,ask_dawn_sighting,3,lu_zhao,,,看清是谁留下的吗？,soft,"{""flag"": ""evt_missing_body_done""}",,,,,
fisherman_wang,ask_dawn_sighting,4,fisherman_wang,,,别的我看不真切，也不敢瞎说了。你们要查，就去看看浅滩那片泥印子，还有芦苇折的口子。,evasive,"{""flag"": ""evt_missing_body_done""}",,,,,
fisherman_wang,ask_dawn_sighting,5,xia_lingyao,,,嘴会改，泥可不会。陆昭，咱们得去那片浅滩瞧瞧了。,determined,"{""flag"": ""evt_missing_body_done""}",,,,,
fisherman_wang,ask_dawn_sighting,6,lu_zhao,,,嗯。下游浅滩要查现场，不靠目击。,gentle,"{""flag"": ""evt_missing_body_done""}",,,,,
fisherman_wang,ask_river_life,1,fisherman_wang,,,这条江，我打了一辈子鱼。,evasive,"{""flag"": ""evt_missing_body_done""}",,,,,
fisherman_wang,ask_river_life,2,fisherman_wang,,,哪条汊子底下有石头，哪片滩能藏住东西，我心里门儿清。,evasive,"{""flag"": ""evt_missing_body_done""}",,,,,
fisherman_wang,ask_river_life,3,lu_zhao,,,你对这片江很熟啊。,casual,"{""flag"": ""evt_missing_body_done""}",,,,,
fisherman_wang,ask_river_life,4,fisherman_wang,,,所以我才敢说。老范那样的人，在江上跑了大半辈子，绝不可能瞎着眼把船往东汊石头上带。,angry,"{""flag"": ""evt_missing_body_done""}",,,,,
fisherman_wang,ask_river_life,5,lu_zhao,,,谢了，我先记下。,casual,"{""flag"": ""evt_missing_body_done""}",,,,,
lao_fan,ask_route,1,lao_fan,,,周老板催得急，说天亮前要赶到武昌。我就拣近的水道走。,evasive,"{""flag"": ""evt_missing_body_done""}",,,,,
lao_fan,ask_route,2,lu_zhao,,,近路，就是东汊？,soft,"{""flag"": ""evt_missing_body_done""}",,,,,
lao_fan,ask_route,3,lao_fan,,,涨水后看着能过。老船家也有看走眼的时候嘛。,defensive,"{""flag"": ""evt_missing_body_done""}",,,,,
lao_fan,ask_route,4,xia_lingyao,,,他把知道有礁，改成了看走眼。,determined,"{""flag"": ""evt_missing_body_done""}",,,,,
lao_fan,ask_route,5,lu_zhao,,,看走眼和明知还走，是两回事。,soft,"{""flag"": ""evt_missing_body_done""}",,,,,
li_zheng,ask_fan,1,li_zheng,,,哎呀，老范嘛……这人嘛，怎么说呢，人还行，实在。水性好，年轻时候还救过落水的孩子，全渡口都知道的嘛。,nervous,"{""flag"": ""evt_missing_body_done""}",,,,,
li_zheng,ask_fan,2,li_zheng,,,不过嘛……要说毛病也不是没有。就是爱赌。以前小赌怡情嘛，这两年越赌越大。小人也是听说的，欠了赌坊不少钱。,nervous,"{""flag"": ""evt_missing_body_done""}",,,,,
li_zheng,ask_fan,3,li_zheng,,,前阵子还有人来找他要账，闹得挺凶。不过嘛，欠账归欠账，老范那人本质不坏的嘛。,nervous,"{""flag"": ""evt_missing_body_done""}",,,,,
li_zheng,ask_fan,4,lu_zhao,,,欠了多少？,curious,"{""flag"": ""evt_missing_body_done""}",,,,,
li_zheng,ask_fan,5,lu_zhao,,,如果……是有人拿欠条逼他呢？,soft,"{""flag"": ""evt_missing_body_done""}",,,,,
li_zheng,ask_fan,6,li_zheng,,,哎呀……这话不好说。不过嘛，赌坊的人手段嘛……不一而足。要是真有人拿欠条拿捏住他……不过嘛，这都小人道听途说，做不得准的嘛！,nervous,"{""flag"": ""evt_missing_body_done""}",,,,,
li_zheng,ask_fan,7,xia_lingyao,,,（四十二两……拿这个去找他，撑不住的。）,inner_thought,"{""flag"": ""evt_missing_body_done""}",,,,,
li_zheng,ask_agui_spending,1,li_zheng,,,异常嘛……嗐，也不能说异常。就是。,nervous,"{""flag"": ""evt_missing_body_done""}",,,,,
li_zheng,ask_agui_spending,2,li_zheng,,,他昨天在客栈买了壶好酒，又打了半斤卤肉。出手挺阔的。,nervous,"{""flag"": ""evt_missing_body_done""}",,,,,
li_zheng,ask_agui_spending,3,lu_zhao,,,刚出了事就买酒吃肉？,casual,"{""flag"": ""evt_missing_body_done""}",,,,,
li_zheng,ask_agui_spending,4,li_zheng,,,按说刚死了主人的仆从……哪有心情喝酒吃肉啊？而且他马上要被遣散了，身上能有几个钱？,nervous,"{""flag"": ""evt_missing_body_done""}",,,,,
li_zheng,ask_agui_spending,5,xia_lingyao,,,（主人刚死，他就有钱吃肉喝酒……今晚饿不着？）,inner_thought,"{""flag"": ""evt_missing_body_done""}",,,,,
li_zheng,ask_victim,1,li_zheng,,,哎呀，知道知道。周德茂嘛，做布匹生意的，来往走水路常歇在咱这儿。生意人嘛，精明些也是正常的。,nervous,"{""flag"": ""evt_missing_body_done""}",,,,,
li_zheng,ask_victim,2,li_zheng,,,不过嘛……人嘛，就是待下人刻薄了些。小人也是听见几回，动不动就呵斥……不过嘛，做东家的管教下人，旁人也不好多嘴。,nervous,"{""flag"": ""evt_missing_body_done""}",,,,,
li_zheng,ask_victim,3,lu_zhao,,,十二年的刻薄……,soft,"{""flag"": ""evt_missing_body_done""}",,,,,
li_zheng,ask_victim,4,li_zheng,,,哎呀，这话不好说。不过嘛……十二年，是挺长的嘛。不过嘛，人死了，案卷上不好写太多坏话。大事化小，嘴也化小些嘛。,nervous,"{""flag"": ""evt_missing_body_done""}",,,,,
li_zheng,ask_victim,5,lu_zhao,,,十二年……受的恐怕不止这些吧。,soft,"{""flag"": ""evt_missing_body_done""}",,,,,
zhou_wife,intro,1,zhou_wife,,,你问吧。可别拿自证清白四个字来堵我。我丈夫躺在外头，不是给谁洗名声用的。,trembling,"{""flag"": ""evt_missing_body_done""}",,,,,
zhou_wife,intro,2,lu_zhao,,,我想知道的是，他为什么上那条船。,soft,"{""flag"": ""evt_missing_body_done""}",,,,,
zhou_wife,intro,3,zhou_wife,,,他去武昌进布，带了五十两货银。平日他舍不得赶夜船，这回却像被火追着。,suspicious,"{""flag"": ""evt_missing_body_done""}",五十两货银,,,,
zhou_wife,ask_suspicion,1,zhou_wife,,,阿贵不对劲。案发后他哭得比我都凶。可他跟老爷关系好吗？不好。,suspicious,"{""flag"": ""evt_missing_body_done""}",,,,,
zhou_wife,ask_suspicion,2,zhou_wife,,,上船前还被骂了一通，当晚就哭天抹泪？我不信。,suspicious,"{""flag"": ""evt_missing_body_done""}",,,,,
zhou_wife,ask_suspicion,3,lu_zhao,,,确实反常。,soft,"{""flag"": ""evt_missing_body_done""}",,,,,
zhou_wife,ask_suspicion,4,zhou_wife,,,还有。老爷会水，年轻时跟船跑货，落水也能自己爬上来。普通翻船不该这么快没命。,suspicious,"{""flag"": ""evt_missing_body_done""}",,,,,
zhou_wife,ask_suspicion,5,xia_lingyao,,,你说得对。一个挨了骂的仆从，哭得比主人的妻子还凶。这哭声太满了。,determined,"{""flag"": ""evt_missing_body_done""}",,,,,
zhou_wife,comfort,1,lu_zhao,,,……我会查到底。,gentle,"{""flag"": ""evt_missing_body_done""}",,,,,
zhou_wife,comfort,2,zhou_wife,,,我原以为你就是那个人。可凶手不会还留在这里问话。,grief,"{""flag"": ""evt_missing_body_done""}",,,,,
zhou_wife,comfort,3,zhou_wife,,,里正让你查。你要是真能查出来……老爷的文书都在房间桌上。你看吧。,relieved,"{""flag"": ""evt_missing_body_done""}",,,,,
zhou_wife,ask_documents,1,zhou_wife,,,都在房间里。陆公子自己去看吧。遣散字据、货单都在桌上。,suspicious,"{""flag"": ""evt_missing_body_done""}",,,,,
zhou_wife,ask_documents,2,lu_zhao,,,多谢。,gentle,"{""flag"": ""evt_missing_body_done""}",,,,,
zhou_demao,intro,1,zhou_demao,,,（上下打量）……面生。,dismissive,"{""not"": {""flag"": ""evt_missing_body_done""}}",,,,,
zhou_demao,intro,2,zhou_demao,,,外乡来的？,dismissive,"{""not"": {""flag"": ""evt_missing_body_done""}}",,,,,
zhou_demao,intro,3,xia_lingyao,,,金鳞镖局走镖的。,calm,"{""not"": {""flag"": ""evt_missing_body_done""}}",,,,,
zhou_demao,intro,4,xia_lingyao,,,这位是陆公子，我们的雇主。,calm,"{""not"": {""flag"": ""evt_missing_body_done""}}",,,,,
zhou_demao,intro,5,zhou_demao,,,镖局的？,business,"{""not"": {""flag"": ""evt_missing_body_done""}}",,,,,
zhou_demao,intro,6,zhou_demao,,,（来了点精神）哈。,business,"{""not"": {""flag"": ""evt_missing_body_done""}}",,,,,
zhou_demao,intro,7,zhou_demao,,,那敢情好。,business,"{""not"": {""flag"": ""evt_missing_body_done""}}",,,,,
zhou_demao,intro,8,zhou_demao,,,替我瞅瞅这趟货——,business,"{""not"": {""flag"": ""evt_missing_body_done""}}",,,,,
zhou_demao,intro,9,zhou_demao,,,……,tense,"{""not"": {""flag"": ""evt_missing_body_done""}}",,,,,
zhou_demao,intro,10,zhou_demao,,,算了。布匹而已。,evasive,"{""not"": {""flag"": ""evt_missing_body_done""}}",,,,,
zhou_demao,intro,11,zhou_demao,,,没什么好看的。,dismissive,"{""not"": {""flag"": ""evt_missing_body_done""}}",,,,,
zhou_demao,intro,12,lu_zhao,,,（他说到一半，收住了。）,,"{""not"": {""flag"": ""evt_missing_body_done""}}",,,,,
zhou_demao,hub,1,zhou_demao,,,还有事？,dismissive,"{""not"": {""flag"": ""evt_missing_body_done""}}",,,,,
zhou_demao,hub,2,zhou_demao,,,酒在桌上，话就免了。,dismissive,"{""not"": {""flag"": ""evt_missing_body_done""}}",,,,,
zhou_demao,hub,3,zhou_demao,,,我明早还要赶路。,brusque,"{""not"": {""flag"": ""evt_missing_body_done""}}",,,,,
zhou_demao,ask_debt,1,lu_zhao,,,周掌柜跟沈家，有生意往来？,calm,"{""not"": {""flag"": ""evt_missing_body_done""}}",,,,,
zhou_demao,ask_debt,2,zhou_demao,,,沈家？哼。,dismissive,"{""not"": {""flag"": ""evt_missing_body_done""}}",,,,,
zhou_demao,ask_debt,3,zhou_demao,,,三十八两药材钱。,business,"{""not"": {""flag"": ""evt_missing_body_done""}}",,,,,
zhou_demao,ask_debt,4,zhou_demao,,,拖一拖，又何妨。,smug,"{""not"": {""flag"": ""evt_missing_body_done""}}",,,,,
zhou_demao,ask_debt,5,lu_zhao,,,欠债还钱。,calm,"{""not"": {""flag"": ""evt_missing_body_done""}}",,,,,
zhou_demao,ask_debt,6,zhou_demao,,,陆公子也做生意？,smug,"{""not"": {""flag"": ""evt_missing_body_done""}}",,,,,
zhou_demao,ask_debt,7,zhou_demao,,,生意场上，谁心软谁死。,smug,"{""not"": {""flag"": ""evt_missing_body_done""}}",,,,,
zhou_demao,ask_debt,8,zhou_demao,,,她沈家要的着急，让她来要。,dismissive,"{""not"": {""flag"": ""evt_missing_body_done""}}",,,,,
zhou_demao,ask_goods,1,lu_zhao,,,明日下武昌，带的什么货？,calm,"{""not"": {""flag"": ""evt_missing_body_done""}}",,,,,
zhou_demao,ask_goods,2,zhou_demao,,,布匹绸缎。,business,"{""not"": {""flag"": ""evt_missing_body_done""}}",,,,,
zhou_demao,ask_goods,3,zhou_demao,,,正经生意。,business,"{""not"": {""flag"": ""evt_missing_body_done""}}",,,,,
zhou_demao,ask_goods,4,lu_zhao,,,听说还有样金贵东西？,calm,"{""not"": {""flag"": ""evt_missing_body_done""}}",,,,,
zhou_demao,ask_goods,5,zhou_demao,,,……,tense,"{""not"": {""flag"": ""evt_missing_body_done""}}",,,,,
zhou_demao,ask_goods,6,zhou_demao,,,谁跟你说的？,tense,"{""not"": {""flag"": ""evt_missing_body_done""}}",,,,,
zhou_demao,ask_goods,7,lu_zhao,,,席上传言。,calm,"{""not"": {""flag"": ""evt_missing_body_done""}}",,,,,
zhou_demao,ask_goods,8,zhou_demao,,,（盯了他两秒）传言。,evasive,"{""not"": {""flag"": ""evt_missing_body_done""}}",,,,,
zhou_demao,ask_goods,9,zhou_demao,,,渡口人的嘴，你也信。,dismissive,"{""not"": {""flag"": ""evt_missing_body_done""}}",,,,,
zhou_demao,ask_goods,10,xia_lingyao,,,（他刚才，眼神飘了一下。）,,"{""not"": {""flag"": ""evt_missing_body_done""}}",,,,,
zhou_demao,ask_fear,1,lu_zhao,,,周掌柜今晚，像是心神不宁。,calm,"{""not"": {""flag"": ""evt_missing_body_done""}}",,,,,
zhou_demao,ask_fear,2,zhou_demao,,,我心神不宁？,angry,"{""not"": {""flag"": ""evt_missing_body_done""}}",,,,,
zhou_demao,ask_fear,3,zhou_demao,,,我周德茂怕过什么？！,angry,"{""not"": {""flag"": ""evt_missing_body_done""}}",,,,,
zhou_demao,ask_fear,4,narrator,,,他骂得响。可端酒的手，在抖。,,"{""not"": {""flag"": ""evt_missing_body_done""}}",,,,,
zhou_demao,ask_fear,5,zhou_demao,,,阿贵！死哪去了？！,brusque,"{""not"": {""flag"": ""evt_missing_body_done""}}",,,,,
zhou_demao,ask_fear,6,zhou_demao,,,倒酒！愣着干什么？！,brusque,"{""not"": {""flag"": ""evt_missing_body_done""}}",,,,,
zhou_demao,ask_fear,7,agui,,,来、来了。小的这就来。,nervous,"{""not"": {""flag"": ""evt_missing_body_done""}}",,,,,
zhou_demao,ask_fear,8,lu_zhao,,,（他在躲我的问题。）,,"{""not"": {""flag"": ""evt_missing_body_done""}}",,,,,
zhou_demao,ask_fear,9,lu_zhao,,,（骂得越凶，抖得越厉害。）,,"{""not"": {""flag"": ""evt_missing_body_done""}}",,,,,
agui,intro_banquet,1,agui,,,陆、陆公子，您坐。,nervous,"{""not"": {""flag"": ""evt_missing_body_done""}}",,,,,
agui,intro_banquet,2,agui,,,小的给您添酒。,nervous,"{""not"": {""flag"": ""evt_missing_body_done""}}",,,,,
agui,intro_banquet,3,zhou_demao,,,（远处）阿贵！死哪去了？！,brusque,"{""not"": {""flag"": ""evt_missing_body_done""}}",,,,,
agui,intro_banquet,4,agui,,,（一哆嗦）来、来了！,nervous,"{""not"": {""flag"": ""evt_missing_body_done""}}",,,,,
agui,intro_banquet,5,agui,,,公子慢用。小的、小的先过去。,nervous,"{""not"": {""flag"": ""evt_missing_body_done""}}",,,,,
agui,intro_banquet,6,narrator,,,他小跑过去。袖口被手指抠得起了毛。,,"{""not"": {""flag"": ""evt_missing_body_done""}}",,,,,
agui,intro_banquet,7,xia_lingyao,,,（他好怕周掌柜。）,,"{""not"": {""flag"": ""evt_missing_body_done""}}",,,,,
agui,intro_banquet,8,lu_zhao,,,（……不止是怕。）,,"{""not"": {""flag"": ""evt_missing_body_done""}}",,,,,
agui,hub,101,agui,,,公子还要添什么？小的去拿。,nervous,"{""not"": {""flag"": ""evt_missing_body_done""}}",,,,,
agui,hub,102,agui,,,厨房还有热乎的。,nervous,"{""not"": {""flag"": ""evt_missing_body_done""}}",,,,,
lao_fan,intro_banquet,1,lao_fan,,,嗐，陆公子也来一个？,smug,"{""not"": {""flag"": ""evt_missing_body_done""}}",,,,,
lao_fan,intro_banquet,2,lao_fan,,,我老范，跑船的。二十年了嘛。,smug,"{""not"": {""flag"": ""evt_missing_body_done""}}",,,,,
lao_fan,intro_banquet,3,lao_fan,,,石矶渡这条江，闭着眼都能摸过去。,smug,"{""not"": {""flag"": ""evt_missing_body_done""}}",,,,,
lao_fan,intro_banquet,4,lu_zhao,,,今晚怎么一个人喝闷酒？,calm,"{""not"": {""flag"": ""evt_missing_body_done""}}",,,,,
lao_fan,intro_banquet,5,lao_fan,,,（笑容僵了一下）……嗐。,evasive,"{""not"": {""flag"": ""evt_missing_body_done""}}",,,,,
lao_fan,intro_banquet,6,lao_fan,,,喝酒嘛，还要什么理由。,evasive,"{""not"": {""flag"": ""evt_missing_body_done""}}",,,,,
lao_fan,intro_banquet,7,narrator,,,他把烟杆摸出来，又塞了回去。,,"{""not"": {""flag"": ""evt_missing_body_done""}}",,,,,
lao_fan,intro_banquet,8,xia_lingyao,,,（他有心事。比酒还沉的那种。）,,"{""not"": {""flag"": ""evt_missing_body_done""}}",,,,,
lao_fan,hub,101,lao_fan,,,嗐，公子自便嘛。,smug,"{""not"": {""flag"": ""evt_missing_body_done""}}",,,,,
lao_fan,hub,102,lao_fan,,,我老范今晚就是来蹭酒的。,smug,"{""not"": {""flag"": ""evt_missing_body_done""}}",,,,,
zhou_wife,intro_banquet,1,zhou_wife,,,公子是外乡人吧。坐。,calm,"{""not"": {""flag"": ""evt_missing_body_done""}}",,,,,
zhou_wife,intro_banquet,2,zhou_wife,,,我家老爷脾气急，您多担待。,calm,"{""not"": {""flag"": ""evt_missing_body_done""}}",,,,,
zhou_wife,intro_banquet,3,lu_zhao,,,夫人不介意他当众发作？,calm,"{""not"": {""flag"": ""evt_missing_body_done""}}",,,,,
zhou_wife,intro_banquet,4,zhou_wife,,,（淡淡）介意什么。,calm,"{""not"": {""flag"": ""evt_missing_body_done""}}",,,,,
zhou_wife,intro_banquet,5,zhou_wife,,,他这个人，心里搁不住事。,calm,"{""not"": {""flag"": ""evt_missing_body_done""}}",,,,,
zhou_wife,intro_banquet,6,zhou_wife,,,面上越凶，心里越空。,calm,"{""not"": {""flag"": ""evt_missing_body_done""}}",,,,,
zhou_wife,intro_banquet,7,narrator,,,她说着，眼睛却扫过全场每一张脸。,,"{""not"": {""flag"": ""evt_missing_body_done""}}",,,,,
zhou_wife,intro_banquet,8,xia_lingyao,,,（这位夫人，眼神跟秤一样。）,,"{""not"": {""flag"": ""evt_missing_body_done""}}",,,,,
zhou_wife,hub,101,zhou_wife,,,公子慢用。夜里江风凉。,calm,"{""not"": {""flag"": ""evt_missing_body_done""}}",,,,,
shen_qingyue,intro_banquet,1,shen_qingyue,,,这位就是陆公子？,smug,"{""not"": {""flag"": ""evt_missing_body_done""}}",,,,,
shen_qingyue,intro_banquet,2,shen_qingyue,,,久仰——其实也没多久，哈哈。,smug,"{""not"": {""flag"": ""evt_missing_body_done""}}",,,,,
shen_qingyue,intro_banquet,3,shen_qingyue,,,我姓沈，沈清月。,calm,"{""not"": {""flag"": ""evt_missing_body_done""}}",,,,,
shen_qingyue,intro_banquet,4,shen_qingyue,,,做药材生意的，浔阳沈氏。,smug,"{""not"": {""flag"": ""evt_missing_body_done""}}",,,,,
shen_qingyue,intro_banquet,5,shen_qingyue,,,公子这身气度，不像行商。,calm,"{""not"": {""flag"": ""evt_missing_body_done""}}",,,,,
shen_qingyue,intro_banquet,6,shen_qingyue,,,倒像……嗯，不说了。,evasive,"{""not"": {""flag"": ""evt_missing_body_done""}}",,,,,
shen_qingyue,intro_banquet,7,shen_qingyue,,,来来来，喝酒喝酒。,smug,"{""not"": {""flag"": ""evt_missing_body_done""}}",,,,,
shen_qingyue,intro_banquet,8,narrator,,,她给陆昭斟了酒，动作滴水不漏。,,"{""not"": {""flag"": ""evt_missing_body_done""}}",,,,,
shen_qingyue,intro_banquet,9,xia_lingyao,,,（她好周到。周到得让人挑不出错。）,,"{""not"": {""flag"": ""evt_missing_body_done""}}",,,,,
shen_qingyue,hub,101,shen_qingyue,,,陆公子，多吃点。,smug,"{""not"": {""flag"": ""evt_missing_body_done""}}",,,,,
shen_qingyue,hub,102,shen_qingyue,,,渡口的菜糙，别嫌弃。,smug,"{""not"": {""flag"": ""evt_missing_body_done""}}",,,,,
li_zheng,intro_banquet,1,li_zheng,,,哎呀，陆公子！,smug,"{""not"": {""flag"": ""evt_missing_body_done""}}",,,,,
li_zheng,intro_banquet,2,li_zheng,,,小人钱里正，这渡口嘛，归小人管。,smug,"{""not"": {""flag"": ""evt_missing_body_done""}}",,,,,
li_zheng,intro_banquet,3,li_zheng,,,公子远道而来，按例嘛，要登记——,smug,"{""not"": {""flag"": ""evt_missing_body_done""}}",,,,,
li_zheng,intro_banquet,4,narrator,,,旁边划拳的声音，把他盖过去了。,,"{""not"": {""flag"": ""evt_missing_body_done""}}",,,,,
li_zheng,intro_banquet,5,li_zheng,,,（提高音量）要登记一下！,smug,"{""not"": {""flag"": ""evt_missing_body_done""}}",,,,,
li_zheng,intro_banquet,6,narrator,,,还是没人听。,,"{""not"": {""flag"": ""evt_missing_body_done""}}",,,,,
li_zheng,intro_banquet,7,li_zheng,,,（小声）……不过嘛，不登也行。,evasive,"{""not"": {""flag"": ""evt_missing_body_done""}}",,,,,
li_zheng,intro_banquet,8,xia_lingyao,,,（他这个官，当得真可怜。）,,"{""not"": {""flag"": ""evt_missing_body_done""}}",,,,,
li_zheng,hub,101,li_zheng,,,哎呀，公子随意，随意嘛。,smug,"{""not"": {""flag"": ""evt_missing_body_done""}}",,,,,
li_zheng,hub,102,li_zheng,,,小人还要去敬一圈，呵。,smug,"{""not"": {""flag"": ""evt_missing_body_done""}}",,,,,
lao_fan,hub,201,lao_fan,,,……公子。,evasive,"{""flag"": ""true_death_found""}",,,,,
lao_fan,hub,202,lao_fan,,,我老范这辈子，到头了嘛。,evasive,"{""flag"": ""true_death_found""}",,,,,
zhou_wife,hub,201,zhou_wife,,,公子还有事？,calm,"{""flag"": ""true_death_found""}",,,,,
zhou_wife,hub,202,zhou_wife,,,……让我一个人，陪陪他。,grief,"{""flag"": ""true_death_found""}",,,,,
shen_qingyue,hub,201,shen_qingyue,,,陆公子。,calm,"{""flag"": ""true_death_found""}",,,,,
shen_qingyue,hub,202,shen_qingyue,,,废窑的事，我听说了。,calm,"{""flag"": ""true_death_found""}",,,,,
li_zheng,hub,201,li_zheng,,,出人命了！这回真出人命了嘛！,nervous,"{""flag"": ""true_death_found""}",,,,,
li_zheng,hub,202,li_zheng,,,小人这个里正，是当到头了……,nervous,"{""flag"": ""true_death_found""}",,,,,
fisherman_wang,hub,201,fisherman_wang,,,……,guilty,"{""flag"": ""true_death_found""}",,,,,
fisherman_wang,hub,202,narrator,,,（他别过脸去，没说话。）,guilty,"{""flag"": ""true_death_found""}",,,,,
